Workbook

Sheet Step1_Inward
A1: Date | B1: Month | C1: In_Lot | D1: Aging | E1: PCB Type | F1: Quantity Received | G1: Operator Name | H1: Atomberg quantity | I1: shortage
A2: 45569 | B2: =TEXT(A2,"mmm-yy") -> Oct-24 | C2: Lot 10 | D2: =if(C2=Step2_Segregation!C2,DATEDIF(A2,Today(), "Y") & " Years, " & DATEDIF(A2, Today(), "YM") & " Months, " & DATEDIF(A2, Today(), "MD") & " Days","")
A3: 45597 | B3: =TEXT(A3,"mmm-yy") -> Nov-24 | C3: Lot 72
A4: 45621 | B4: =TEXT(A4,"mmm-yy") -> Nov-24 | C4: Lot 72 | E4: GV3 Digital PCB | F4: 657 | G4: Rahul gupta | H4: 664 | I4: 7pcb
A5: 45621 | B5: =TEXT(A5,"mmm-yy") -> Nov-24 | C5: Lot 72 | E5: GV2 Remote Main PCB | F5: 528 | G5: Rahul gupta | H5: 528
A6: 45621 | B6: =TEXT(A6,"mmm-yy") -> Nov-24 | C6: Lot 72 | E6: GV4 Studio+ Remote PCB | F6: 233 | G6: Rahul gupta | H6: 231 | I6: 2+ pcb
A7: 45621 | B7: =TEXT(A7,"mmm-yy") -> Nov-24 | C7: Lot 72 | E7: GV3 Power PCB | F7: 606 | G7: Rahul gupta | H7: 606

Sheet Step2_Segregation
A1: Date | B1: Month | C1: In_Lot | D1: Aging | E1: PCB Type | F1: Repairable Quantity | G1: Scrap Quantity | H1: Quantity Inspected | I1: Operator Name
A2: 45601 | B2: =TEXT(A2,"mmm-yy") -> Nov-24 | C2: Lot 71 | D2: =if(C2=Step1_Inward!C2,DATEDIF(Step1_Inward!A2,A2, "Y") & " Years, " & DATEDIF(Step1_Inward!A2,A2, "YM") & " Months, " & DATEDIF(Step1_Inward!A2,A2, "MD") & " Days","") | E2: GV3 Digital PCB | F2: 1580 | G2: 109 | H2: =SUM(F2:G2) -> 1689 | I2: Amit ghabale
A3: 45601 | B3: =TEXT(A3,"mmm-yy") -> Nov-24 | C3: Lot 71 | D3: =if(C3=Step1_Inward!C3,DATEDIF(Step1_Inward!A3,A3, "Y") & " Years, " & DATEDIF(Step1_Inward!A3,A3, "YM") & " Months, " & DATEDIF(Step1_Inward!A3,A3, "MD") & " Days","") | E3: GV3 Digital PCB | F3: 506 | H3: 506 | I3: Rahul gupta
A4: 45605 | B4: =TEXT(A4,"mmm-yy") -> Nov-24 | C4: Lot 71 | D4: =if(C4=Step1_Inward!C4,DATEDIF(Step1_Inward!A4,A4, "Y") & " Years, " & DATEDIF(Step1_Inward!A4,A4, "YM") & " Months, " & DATEDIF(Step1_Inward!A4,A4, "MD") & " Days","") | E4: GV3 Power PCB | F4: 142 | H4: 142 | I4: Mayuri
A5: 45619 | B5: =TEXT(A5,"mmm-yy") -> Nov-24 | C5: Lot 72 | E5: GV4 Ozeo Remote PCB | F5: 234 | G5: 75 | H5: =sum(F5+G5) -> 309 | I5: Rahul gupta
A6: 45621 | B6: =TEXT(A6,"mmm-yy") -> Nov-24 | C6: Lot 72 | E6: GV4 Ozeo Remote PCB | F6: 140 | G6: 79 | H6: =sum(F6+G6) -> 219 | I6: Rahul gupta | J6: vijay screw open
A7: 45621 | B7: =TEXT(A7,"mmm-yy") -> Nov-24 | C7: Lot 72 | E7: GV3 Power PCB | F7: 442 | G7: 164 | H7: =sum(F7+G7) -> 606 | I7: Rahul gupta | J7: vijay screw open
A8: 45621 | B8: =TEXT(A8,"mmm-yy") -> Nov-24 | C8: Lot 72 | E8: GV4 Studio+ Remote PCB | F8: 173 | G8: 60 | H8: =sum(F8+G8) -> 233 | I8: Rahul gupta | J8: vijay screw open
A9: 45626 | B9: =TEXT(A9,"mmm-yy") -> Nov-24 | C9: Lot 73 | E9: GV2 Remote Main PCB | F9: 344 | I9: All
A10: 45626 | B10: =TEXT(A10,"mmm-yy") -> Nov-24 | C10: Lot 73 | E10: GV2 Regulator | F10: 310 | I10: All
A11: 45626 | B11: =TEXT(A11,"mmm-yy") -> Nov-24 | C11: Lot 73 | E11: GV3 Digital PCB | F11: 459 | I11: All
A12: 45626 | B12: =TEXT(A12,"mmm-yy") -> Nov-24 | C12: Lot 73 | E12: GV3 Digital PCB | F12: 88 | I12: All | J12: OLD BARCODE
A13: 45626 | B13: =TEXT(A13,"mmm-yy") -> Nov-24 | C13: Lot 73 | E13: GV2 Remote Main PCB | F13: 64 | I13: All | J13: OLD BARCODE
A14: 45626 | B14: =TEXT(A14,"mmm-yy") -> Nov-24 | C14: Lot 73 | E14: GV3 Smart PCB | F14: 186 | I14: All
A15: 45626 | B15: =TEXT(A15,"mmm-yy") -> Nov-24 | C15: Lot 73 | E15: GV4 Studio+ Remote PCB | F15: 163 | I15: All
A16: 45626 | B16: =TEXT(A16,"mmm-yy") -> Nov-24 | C16: Lot 73 | E16: GV4 Ozeo Remote PCB | F16: 52 | I16: All
A17: 45626 | B17: =TEXT(A17,"mmm-yy") -> Nov-24 | C17: Lot 73 | E17: GV4 Alpha Regulator PCB | F17: 192 | I17: All
A18: 45626 | B18: =TEXT(A18,"mmm-yy") -> Nov-24 | C18: Lot 73 | E18: GV4 Ozeo Remote PCB | F18: 80 | I18: All | J18: OLD BARCODE
A19: 45626 | B19: =TEXT(A19,"mmm-yy") -> Nov-24 | C19: Lot 73 | E19: GV4 Ozeo Remote PCB | F19: 37 | I19: All
A20: 45626 | B20: =TEXT(A20,"mmm-yy") -> Nov-24 | C20: Lot 73 | E20: GV2 Remote Main PCB | F20: 381 | I20: All
A21: 45628 | B21: =TEXT(A21,"mmm-yy") -> Dec-24 | C21: Lot 73 | E21: GV3 Power PCB | F21: 652 | I21: Vijay kumar | J21: GV3 power 6 screw open and segregation prajkta and mauri
A22: 45629 | B22: =TEXT(A22,"mmm-yy") -> Dec-24 | C22: Lot 73 | E22: GV3 Power PCB | F22: 227 | G22: 19 | H22: =sum(F22+G22) -> 246 | I22: Vijay kumar | J22: GV3 power 6 screw open and segregation
A23: 45637 | B23: =TEXT(A23,"mmm-yy") -> Dec-24 | C23: Lot 74 | E23: GV3 Digital PCB | F23: 1287 | I23: Rahul gupta
A24: 45637 | B24: =TEXT(A24,"mmm-yy") -> Dec-24 | C24: Lot 74 | E24: GV2 Remote Main PCB | F24: 707 | I24: Vijay kumar
A25: 45638 | B25: =TEXT(A25,"mmm-yy") -> Dec-24 | C25: Lot 74 | E25: GV4 Studio+ Remote PCB | F25: 155 | G25: 13 | H25: =sum(F25+G25) -> 168 | I25: Rahul gupta
A26: 45638 | B26: =TEXT(A26,"mmm-yy") -> Dec-24 | C26: Lot 74 | E26: GV4 Alpha Regulator PCB | F26: 158 | G26: 11 | H26: =sum(F26+G26) -> 169 | I26: Rahul gupta
A27: 45638 | B27: =TEXT(A27,"mmm-yy") -> Dec-24 | C27: Lot 74 | E27: GV4 Ozeo Remote PCB | F27: 72 | G27: 4 | H27: =sum(F27+G27) -> 76 | I27: Rahul gupta
A28: 45640 | B28: =TEXT(A28,"mmm-yy") -> Dec-24 | C28: Lot 74 | E28: GV3 Power PCB | F28: 1624 | G28: 100 | H28: =sum(F28+G28) -> 1724 | I28: Amit ghabale | J28: dadasaheb
A29: 45642 | B29: =TEXT(A29,"mmm-yy") -> Dec-24 | C29: Lot 74 | E29: GV3 Power PCB | F29: 950 | G29: 48 | H29: =sum(F29+G29) -> 998 | I29: Akash prasad | J29: amit and mayuri
A30: 45643 | B30: =TEXT(A30,"mmm-yy") -> Dec-24 | C30: Lot 74 | E30: GV3 Power PCB | F30: 149 | G30: 11 | H30: =sum(F30+G30) -> 160 | I30: Mayuri
A31: 45654 | B31: =TEXT(A31,"mmm-yy") -> Dec-24 | E31: GV3 Digital PCB | F31: 1672 | I31: All
A32: 45654 | B32: =TEXT(A32,"mmm-yy") -> Dec-24 | E32: GV3 Digital PCB | F32: 416 | I32: All | J32: old barcode
A33: 45654 | B33: =TEXT(A33,"mmm-yy") -> Dec-24 | E33: GV3 Smart PCB | F33: 240 | I33: All
A34: 45656 | B34: =TEXT(A34,"mmm-yy") -> Dec-24 | C34: 75/76 | E34: GV2 Remote Main PCB | F34: 1665 | I34: Akash prasad
A35: 45656 | B35: =TEXT(A35,"mmm-yy") -> Dec-24 | C35: 75/76 | E35: GV2 Remote Main PCB | F35: 120 | I35: Akash prasad | J35: old barcode
A36: 45656 | B36: =TEXT(A36,"mmm-yy") -> Dec-24 | C36: 75/76 | E36: GV2 Remote Main PCB | F36: 140 | I36: Rahul gupta
A37: 45668 | B37: =TEXT(A37,"mmm-yy") -> Jan-25 | C37: 77 | E37: GV2 Remote Main PCB | F37: 1011 | G37: 43 | I37: All | J37: STM PCB =440 Nuvoton PCB =404 Regular PCB =124
A38: 45678 | B38: =TEXT(A38,"mmm-yy") -> Jan-25 | C38: 78 | E38: GV2 Remote Main PCB | F38: 807 | I38: All
A39: 45679 | B39: =TEXT(A39,"mmm-yy") -> Jan-25 | C39: 78 | E39: GV3 Digital PCB | F39: 350 | I39: Rahul gupta
A40: 45680 | B40: =TEXT(A40,"mmm-yy") -> Jan-25 | C40: 78 | E40: GV3 Power PCB | F40: 685 | G40: 185 | I40: Amit ghabale | J40: screw open @Mayuri Elc @nilamdhanawade Elc @~King____Dadasaheb____0001
A41: 45679 | B41: =TEXT(A41,"mmm-yy") -> Jan-25 | C41: 78 | E41: GV3 Digital PCB | F41: 1150 | I41: Mayuri | J41: prajakta
A42: 45681 | B42: =TEXT(A42,"mmm-yy") -> Jan-25 | C42: 78 | E42: GV3 Power PCB | F42: 410 | G42: 160 | H42: =sum(F42+G42) -> 570 | I42: Mayuri | J42: and rahul Gv3 power pcb 6 screw open
A43: 45681 | B43: =TEXT(A43,"mmm-yy") -> Jan-25 | C43: 78 | E43: GV3 Power PCB | F43: 381 | G43: 108 | H43: =sum(F43+G43) -> 489 | I43: Mayuri | J43: and prajkta Gv3 power pcb 6 screw open
A44: 45686 | B44: =TEXT(A44,"mmm-yy") -> Jan-25 | C44: 79 | E44: GV2 Remote Main PCB | F44: 1535 | H44: =sum(F44+G44) -> 1535 | I44: Poonam lokhande | J44: with nilam, prajkta,amit
A45: 45686 | B45: =TEXT(A45,"mmm-yy") -> Jan-25 | C45: 79 | E45: GV4 Studio+ Remote PCB | F45: 253 | H45: =sum(F45+G45) -> 253 | I45: Poonam lokhande | J45: prajkta and amit
A46: 45687 | B46: =TEXT(A46,"mmm-yy") -> Jan-25 | C46: 79 | E46: GV3 Digital PCB | F46: 733 | H46: =sum(F46+G46) -> 733 | I46: Dadasaheb | J46: with rahul
A47: 45687 | B47: =TEXT(A47,"mmm-yy") -> Jan-25 | C47: 79 | E47: GV4 Studio+ Remote PCB | F47: 808 | H47: =sum(F47+G47) -> 808 | I47: Rahul gupta
A48: 45688 | B48: =TEXT(A48,"mmm-yy") -> Jan-25 | C48: 79 | E48: GV3 Digital PCB | F48: 741 | H48: =sum(F48+G48) -> 741 | I48: Rahul gupta | J48: WITH PRAJKTA AND DADA SAHEB
A49: 45688 | B49: =TEXT(A49,"mmm-yy") -> Jan-25 | C49: 79 | E49: GV3 Power PCB | F49: 1929 | H49: =sum(F49+G49) -> 1929 | I49: Rahul gupta | J49: WITH PRAJKTA AND DADA SAHEB
A50: 45692 | B50: =TEXT(A50,"mmm-yy") -> Feb-25 | C50: 79 | E50: GV3 Power PCB | F50: 990 | H50: =sum(F50+G50) -> 990 | I50: Akash prasad | J50: with mayuri
A51: 45698 | B51: =TEXT(A51,"mmm-yy") -> Feb-25 | C51: 80 | E51: GV2 Remote Main PCB | F51: 1500 | H51: =sum(F51+G51) -> 1500 | I51: All
A52: 45699 | B52: =TEXT(A52,"mmm-yy") -> Feb-25 | C52: 80 | E52: GV4 Ozeo Remote PCB | F52: 168 | H52: =sum(F52+G52) -> 168 | I52: Prajkta Sutar
A53: 45699 | B53: =TEXT(A53,"mmm-yy") -> Feb-25 | C53: 80 | E53: GV4 Studio+ Remote PCB | F53: 161 | H53: =sum(F53+G53) -> 161 | I53: Prajkta Sutar
A54: 45699 | B54: =TEXT(A54,"mmm-yy") -> Feb-25 | C54: 80 | E54: GV4 Alpha Regulator PCB | F54: 240 | H54: =sum(F54+G54) -> 240 | I54: Prajkta Sutar
A55: 45699 | B55: =TEXT(A55,"mmm-yy") -> Feb-25 | C55: 80 | E55: GV3 Digital PCB | F55: 916 | H55: =sum(F55+G55) -> 916 | I55: Dadasaheb
A56: 45703 | B56: =TEXT(A56,"mmm-yy") -> Feb-25 | C56: 81 | E56: GV2 Remote Main PCB | F56: 840 | H56: =sum(F56+G56) -> 840 | I56: Akash prasad | J56: with @Mayuri Elc @nilamdhanawade Elc
A57: 45705 | B57: =TEXT(A57,"mmm-yy") -> Feb-25 | C57: 81 | E57: GV3 Digital PCB | F57: 210 | H57: =sum(F57+G57) -> 210 | I57: All
A58: 45705 | B58: =TEXT(A58,"mmm-yy") -> Feb-25 | C58: 81 | E58: GV3 Power PCB | F58: 650 | G58: 65 | H58: =sum(F58+G58) -> 715 | I58: All
A59: 45705 | B59: =TEXT(A59,"mmm-yy") -> Feb-25 | C59: 81 | E59: GV4 Alpha Regulator PCB | F59: 254 | I59: All
A60: 45705 | B60: =TEXT(A60,"mmm-yy") -> Feb-25 | C60: 81 | E60: GV4 Studio+ Remote PCB | F60: 195 | I60: All
A61: 45705 | B61: =TEXT(A61,"mmm-yy") -> Feb-25 | E61: GV4 Ozeo Remote PCB | F61: 120 | I61: All
A62: 45713 | B62: =TEXT(A62,"mmm-yy") -> Feb-25 | C62: 82 | E62: GV2 Remote Main PCB | F62: 340 | I62: Mayuri | J62: dadasaheb

Sheet Step3_Programming
A1: Date | B1: Month | C1: In_Lot | D1: Aging | E1: PCB Type | F1: Code Ok | G1: Code Not Ok | H1: Total PCBs | I1: Operator Name
A2: 45602 | B2: =TEXT(A2,"mmm-yy") -> Nov-24 | D2: =if(C2=Step2_Segregation!C2,DATEDIF(Step2_Segregation!A2,Today(), "Y") & " Years, " & DATEDIF(Step2_Segregation!A2, Today(), "YM") & " Months, " & DATEDIF(Step2_Segregation!A2, Today(), "MD") & " Days","") | E2: GV3 Digital PCB | F2: 1000 | G2: 180 | H2: =SUM(F2:G2) -> 1180 | I2: Swarupa Vishwakarma
A3: 45603 | B3: =TEXT(A3,"mmm-yy") -> Nov-24 | E3: GV3 Digital PCB | F3: 380 | G3: 20 | H3: =SUM(F3:G3) -> 400 | I3: Nilam dhanawade
A4: 45603 | B4: =TEXT(A4,"mmm-yy") -> Nov-24 | E4: GV4 Alpha Regulator PCB | F4: 650 | G4: 39 | H4: =SUM(F4:G4) -> 689 | I4: Nilam dhanawade
A5: 45604 | B5: =TEXT(A5,"mmm-yy") -> Nov-24 | E5: GV4 Alpha Regulator PCB | F5: 990 | G5: 120 | H5: =SUM(F5:G5) -> 1110 | I5: Nilam dhanawade
A6: 45605 | B6: =TEXT(A6,"mmm-yy") -> Nov-24 | E6: GV2 Remote Main PCB | F6: 980 | G6: 185 | H6: =SUM(F6:G6) -> 1165 | I6: Nilam dhanawade
A7: 45607 | B7: =TEXT(A7,"mmm-yy") -> Nov-24 | E7: GV2 Remote Main PCB | F7: 112 | G7: 12 | H7: =SUM(F7:G7) -> 124 | I7: Nilam dhanawade
A8: 45607 | B8: =TEXT(A8,"mmm-yy") -> Nov-24 | E8: GV3 Digital PCB | F8: 600 | G8: 46 | H8: =SUM(F8:G8) -> 646 | I8: Nilam dhanawade
A9: 45621 | B9: =TEXT(A9,"mmm-yy") -> Nov-24 | C9: 72 | E9: GV3 Digital PCB | F9: 297 | G9: 46 | H9: =SUM(F9:G9) -> 343 | I9: Nilam dhanawade
A10: 45621 | B10: =TEXT(A10,"mmm-yy") -> Nov-24 | C10: 72 | E10: GV2 Regulator | F10: 118 | G10: 55 | H10: =SUM(F10:G10) -> 173 | I10: Nilam dhanawade
A11: 45621 | B11: =TEXT(A11,"mmm-yy") -> Nov-24 | C11: 72 | E11: GV2 Remote Main PCB | F11: 147 | G11: 26 | H11: =SUM(F11:G11) -> 173 | I11: Nilam dhanawade
A12: 45621 | B12: =TEXT(A12,"mmm-yy") -> Nov-24 | C12: 72 | E12: GV4 Alpha Regulator PCB | F12: 80 | G12: 3 | H12: =SUM(F12:G12) -> 83 | I12: Nilam dhanawade
A13: 45621 | B13: =TEXT(A13,"mmm-yy") -> Nov-24 | C13: 72 | E13: GV4 Studio+ Remote PCB | F13: 66 | G13: 11 | H13: =SUM(F13:G13) -> 77 | I13: Nilam dhanawade
A14: 45621 | B14: =TEXT(A14,"mmm-yy") -> Nov-24 | C14: 72 | E14: GV4 Ozeo Remote PCB | F14: 4 | G14: 9 | H14: =SUM(F14:G14) -> 13 | I14: Nilam dhanawade
A15: 45628 | B15: =TEXT(A15,"mmm-yy") -> Dec-24 | C15: 73 | E15: GV3 Digital PCB | F15: 417 | G15: 26 | H15: =SUM(F15:G15) -> 443 | I15: Nilam dhanawade
A16: 45628 | B16: =TEXT(A16,"mmm-yy") -> Dec-24 | C16: 73 | E16: GV2 Remote Main PCB | F16: 311 | G16: 6 | H16: =SUM(F16:G16) -> 317 | I16: Nilam dhanawade
A17: 45628 | B17: =TEXT(A17,"mmm-yy") -> Dec-24 | C17: 73 | E17: GV2 Regulator | F17: 341 | G17: 2 | H17: =SUM(F17:G17) -> 343 | I17: Nilam dhanawade
A18: 45629 | B18: =TEXT(A18,"mmm-yy") -> Dec-24 | C18: 73 | E18: GV4 Ozeo Remote PCB | F18: 79 | G18: 1 | H18: =SUM(F18:G18) -> 80 | I18: Nilam dhanawade
A19: 45629 | B19: =TEXT(A19,"mmm-yy") -> Dec-24 | C19: 73 | E19: GV4 Studio+ Remote PCB | F19: 103 | G19: 2 | H19: =SUM(F19:G19) -> 105 | I19: Nilam dhanawade
A20: 45629 | B20: =TEXT(A20,"mmm-yy") -> Dec-24 | C20: 73 | E20: GV4 Alpha Regulator PCB | F20: 167 | H20: =SUM(F20:G20) -> 167 | I20: Nilam dhanawade
A21: 45638 | B21: =TEXT(A21,"mmm-yy") -> Dec-24 | C21: 74 | E21: GV3 Digital PCB | F21: 713 | G21: 182 | H21: =SUM(F21:G21) -> 895 | I21: Nilam dhanawade
A22: 45638 | B22: =TEXT(A22,"mmm-yy") -> Dec-24 | C22: 74 | E22: GV2 Remote Main PCB | F22: 182 | G22: 33 | H22: =SUM(F22:G22) -> 215 | I22: Nilam dhanawade
A23: 45638 | B23: =TEXT(A23,"mmm-yy") -> Dec-24 | C23: 74 | E23: GV2 Remote Main PCB | F23: 254 | G23: 28 | H23: =SUM(F23:G23) -> 282 | I23: Nilam dhanawade
A24: 45639 | B24: =TEXT(A24,"mmm-yy") -> Dec-24 | C24: 74 | E24: GV4 Studio+ Remote PCB | F24: 144 | G24: 10 | H24: =SUM(F24:G24) -> 154 | I24: Nilam dhanawade
A25: 45639 | B25: =TEXT(A25,"mmm-yy") -> Dec-24 | C25: 74 | E25: GV4 Alpha Regulator PCB | F25: 150 | G25: 8 | H25: =SUM(F25:G25) -> 158 | I25: Nilam dhanawade
A26: 45639 | B26: =TEXT(A26,"mmm-yy") -> Dec-24 | C26: 74 | E26: GV4 Ozeo Remote PCB | F26: 58 | G26: 16 | H26: =SUM(F26:G26) -> 74 | I26: Nilam dhanawade
A27: 45639 | B27: =TEXT(A27,"mmm-yy") -> Dec-24 | C27: 74 | E27: GV2 Remote Main PCB | F27: 76 | G27: 7 | H27: =SUM(F27:G27) -> 83 | I27: Nilam dhanawade
A28: 45656 | B28: =TEXT(A28,"mmm-yy") -> Dec-24 | C28: 75/76 | E28: GV3 Digital PCB | F28: 1365 | G28: 282 | H28: =SUM(F28:G28) -> 1647 | I28: Nilam dhanawade
A29: 45656 | B29: =TEXT(A29,"mmm-yy") -> Dec-24 | C29: 75/76 | E29: GV2 Remote Main PCB | F29: 135 | H29: =SUM(F29:G29) -> 135 | I29: Nilam dhanawade
A30: 45657 | B30: =TEXT(A30,"mmm-yy") -> Dec-24 | C30: 75/76 | E30: GV2 Remote Main PCB | F30: 591 | G30: 87 | H30: =SUM(F30:G30) -> 678 | I30: Nilam dhanawade
A31: 45657 | B31: =TEXT(A31,"mmm-yy") -> Dec-24 | C31: 75/76 | E31: GV2 Remote Main PCB | F31: 527 | G31: 53 | H31: =SUM(F31:G31) -> 580 | I31: Nilam dhanawade
A32: 45659 | B32: =TEXT(A32,"mmm-yy") -> Jan-25 | C32: 75/76 | E32: GV4 Studio+ Remote PCB | F32: 170 | G32: 20 | H32: =SUM(F32:G32) -> 190 | I32: Nilam dhanawade
A33: 45659 | B33: =TEXT(A33,"mmm-yy") -> Jan-25 | C33: 75/76 | E33: GV4 Alpha Regulator PCB | F33: 269 | G33: 25 | H33: =SUM(F33:G33) -> 294 | I33: Nilam dhanawade
A34: 45659 | B34: =TEXT(A34,"mmm-yy") -> Jan-25 | C34: 75/76 | E34: GV4 Ozeo Remote PCB | F34: 161 | G34: 5 | H34: =SUM(F34:G34) -> 166 | I34: Nilam dhanawade
A35: 45659 | B35: =TEXT(A35,"mmm-yy") -> Jan-25 | C35: 75/76 | E35: GV3 Digital PCB | F35: 175 | H35: =SUM(F35:G35) -> 175 | I35: Nilam dhanawade
A36: 45670 | B36: =TEXT(A36,"mmm-yy") -> Jan-25 | C36: 77 | E36: GV2 Remote Main PCB | F36: 705 | G36: 155 | H36: =SUM(F36:G36) -> 860 | I36: Nilam dhanawade
A37: 45671 | B37: =TEXT(A37,"mmm-yy") -> Jan-25 | C37: 77 | E37: GV3 Digital PCB | F37: 670 | G37: 247 | H37: =SUM(F37:G37) -> 917 | I37: Nilam dhanawade
A38: 45671 | B38: =TEXT(A38,"mmm-yy") -> Jan-25 | C38: 77 | E38: GV4 Ozeo Remote PCB | F38: 20 | G38: 6 | H38: =SUM(F38:G38) -> 26 | I38: Nilam dhanawade
A39: 45671 | B39: =TEXT(A39,"mmm-yy") -> Jan-25 | C39: 77 | E39: GV4 Alpha Regulator PCB | F39: 67 | G39: 11 | H39: =SUM(F39:G39) -> 78 | I39: Nilam dhanawade
A40: 45671 | B40: =TEXT(A40,"mmm-yy") -> Jan-25 | C40: 77 | E40: GV4 Studio+ Remote PCB | F40: 83 | G40: 16 | H40: =SUM(F40:G40) -> 99 | I40: Nilam dhanawade
A41: 45678 | B41: =TEXT(A41,"mmm-yy") -> Jan-25 | C41: 78 | E41: GV2 Remote Main PCB | F41: 524 | G41: 200 | H41: =SUM(F41:G41) -> 724 | I41: Nilam dhanawade
A42: 45679 | B42: =TEXT(A42,"mmm-yy") -> Jan-25 | C42: 78 | E42: GV3 Digital PCB | F42: 360 | G42: 131 | H42: =SUM(F42:G42) -> 491 | I42: Nilam dhanawade
A43: 45680 | B43: =TEXT(A43,"mmm-yy") -> Jan-25 | C43: 78 | E43: GV3 Digital PCB | F43: 430 | G43: 57 | H43: =SUM(F43:G43) -> 487 | I43: Nilam dhanawade
A44: 45681 | B44: =TEXT(A44,"mmm-yy") -> Jan-25 | C44: 78 | E44: GV3 Digital PCB | F44: 905 | G44: 530 | H44: =SUM(F44:G44) -> 1435 | I44: Nilam dhanawade
A45: 45682 | B45: =TEXT(A45,"mmm-yy") -> Jan-25 | C45: 78 | E45: GV3 Digital PCB | F45: 1150 | G45: 325 | H45: =SUM(F45:G45) -> 1475 | I45: Nilam dhanawade
A46: 45684 | B46: =TEXT(A46,"mmm-yy") -> Jan-25 | C46: 78 | E46: GV3 Digital PCB | F46: 600 | G46: 375 | H46: =SUM(F46:G46) -> 975 | I46: Nilam dhanawade
A47: 45687 | B47: =TEXT(A47,"mmm-yy") -> Jan-25 | C47: 79 | E47: GV2 Remote Main PCB | F47: 1064 | G47: 272 | H47: =SUM(F47:G47) -> 1336 | I47: Nilam dhanawade
... A54: 45699 | B54: =TEXT(A54,"mmm-yy") -> Feb-25 | C54: 80 | E54: GV2 Remote Main PCB | F54: 507 | G54: 13 | H54: =SUM(F54:G54) -> 520 | I54: Nilam dhanawade
A55: 45699 | B55: =TEXT(A55,"mmm-yy") -> Feb-25 | C55: 80 | E55: GV3 Digital PCB | F55: 261 | H55: =SUM(F55:G55) -> 261 | I55: Nilam dhanawade
A56: 45700 | B56: =TEXT(A56,"mmm-yy") -> Feb-25 | C56: 80 | E56: GV3 Digital PCB | F56: 690 | G56: 45 | H56: =SUM(F56:G56) -> 735 | I56: Nilam dhanawade
A57: 45700 | B57: =TEXT(A57,"mmm-yy") -> Feb-25 | C57: 80 | E57: GV4 Studio+ Remote PCB | F57: 157 | G57: 3 | H57: =SUM(F57:G57) -> 160 | I57: Nilam dhanawade
A58: 45700 | B58: =TEXT(A58,"mmm-yy") -> Feb-25 | C58: 80 | E58: GV4 Ozeo Remote PCB | F58: 165 | H58: =SUM(F58:G58) -> 165 | I58: Nilam dhanawade
A59: 45701 | B59: =TEXT(A59,"mmm-yy") -> Feb-25 | C59: 80 | E59: GV4 Alpha Regulator PCB | F59: 249 | G59: 3 | H59: =SUM(F59:G59) -> 252 | I59: Nilam dhanawade
A60: 45705 | B60: =TEXT(A60,"mmm-yy") -> Feb-25 | C60: 81 | E60: GV2 Remote Main PCB | F60: 282 | G60: 101 | H60: =SUM(F60:G60) -> 383 | I60: Nilam dhanawade
A61: 45705 | B61: =TEXT(A61,"mmm-yy") -> Feb-25 | C61: 81 | E61: GV2 Remote Main PCB | F61: 268 | G61: 53 | H61: =SUM(F61:G61) -> 321 | I61: Nilam dhanawade
A62: 45705 | B62: =TEXT(A62,"mmm-yy") -> Feb-25 | C62: 81 | E62: GV4 Studio+ Remote PCB | F62: 191 | H62: =SUM(F62:G62) -> 191 | I62: Nilam dhanawade
A63: 45705 | B63: =TEXT(A63,"mmm-yy") -> Feb-25 | C63: 81 | E63: GV4 Ozeo Remote PCB | F63: 118 | G63: 2 | H63: =SUM(F63:G63) -> 120 | I63: Nilam dhanawade
A64: 45705 | B64: =TEXT(A64,"mmm-yy") -> Feb-25 | C64: 81 | E64: GV4 Alpha Regulator PCB | F64: 253 | G64: 1 | H64: =SUM(F64:G64) -> 254 | I64: Nilam dhanawade
A65: 45706 | B65: =TEXT(A65,"mmm-yy") -> Feb-25 | C65: 81 | E65: GV3 Digital PCB | F65: 550 | G65: 164 | H65: =SUM(F65:G65) -> 714 | I65: Nilam dhanawade
A66: 45712 | B66: =TEXT(A66,"mmm-yy") -> Feb-25 | C66: 82 | E66: GV3 Digital PCB | F66: 475 | G66: 128 | H66: =SUM(F66:G66) -> 603 | I66: Nilam dhanawade
A67: 45713 | B67: =TEXT(A67,"mmm-yy") -> Feb-25 | C67: 82 | E67: GV3 Digital PCB | F67: 1250 | G67: 499 | H67: =SUM(F67:G67) -> 1749 | I67: Nilam dhanawade
A68: 45790 | B68: =TEXT(A68,"mmm-yy") -> May-25

Sheet Step4_1st Testing
A1: Date | B1: Month | C1: In_Lot | D1: PCB Type | E1: Quantity Passed (OK) | F1: Quantity Failed | G1: Quantity Tested | H1: Operator Name | I1: Remark
A2: 45600 | B2: =TEXT(A2,"mmm-yy") -> Nov-24 | D2: GV2 Remote Main PCB | E2: 38 | F2: 186 | G2: =SUM(E2:F2) -> 224 | H2: Rahul gupta
A3: 45601 | B3: =TEXT(A3,"mmm-yy") -> Nov-24 | D3: GV2 Remote Main PCB | E3: 150 | F3: 142 | G3: =SUM(E3:F3) -> 292 | H3: Prajkta Sutar
A4: 45602 | B4: =TEXT(A4,"mmm-yy") -> Nov-24 | D4: GV2 Remote Main PCB | E4: 245 | F4: 255 | G4: =SUM(E4:F4) -> 500 | H4: Akash prasad
A5: 45603 | B5: =TEXT(A5,"mmm-yy") -> Nov-24 | D5: GV3 Digital PCB | E5: 220 | F5: 230 | G5: =SUM(E5:F5) -> 450 | H5: Akash prasad
A6: 45604 | B6: =TEXT(A6,"mmm-yy") -> Nov-24 | D6: GV4 Studio+ Remote PCB | E6: 95 | F6: 215 | G6: =SUM(E6:F6) -> 310 | H6: Amit ghabale
A7: 45604 | B7: =TEXT(A7,"mmm-yy") -> Nov-24 | D7: GV2 Remote Main PCB | E7: 165 | G7: =SUM(E7:F7) -> 165 | H7: Amit ghabale
A8: 45604 | B8: =TEXT(A8,"mmm-yy") -> Nov-24 | D8: GV4 Studio+ Remote PCB | E8: 130 | F8: 210 | G8: =SUM(E8:F8) -> 340 | H8: Prajkta Sutar
A9: 45604 | B9: =TEXT(A9,"mmm-yy") -> Nov-24 | D9: GV3 Digital PCB | E9: 80 | F9: 60 | G9: =SUM(E9:F9) -> 140 | H9: Akash prasad
A10: 45605 | B10: =TEXT(A10,"mmm-yy") -> Nov-24 | D10: GV4 Studio+ Remote PCB | E10: 231 | F10: 132 | G10: =SUM(E10:F10) -> 363 | H10: Prajkta Sutar
A11: 45605 | B11: =TEXT(A11,"mmm-yy") -> Nov-24 | D11: GV4 Studio+ Remote PCB | E11: 170 | F11: 245 | G11: =SUM(E11:F11) -> 415 | H11: Amit ghabale
A12: 45605 | B12: =TEXT(A12,"mmm-yy") -> Nov-24 | D12: GV3 Digital PCB | E12: 143 | F12: 50 | G12: =SUM(E12:F12) -> 193 | H12: Mayuri
A13: 45607 | B13: =TEXT(A13,"mmm-yy") -> Nov-24 | D13: GV4 Studio+ Remote PCB | E13: 120 | F13: 230 | G13: =SUM(E13:F13) -> 350 | H13: Amit ghabale
A14: 45607 | B14: =TEXT(A14,"mmm-yy") -> Nov-24 | D14: GV3 Digital PCB | E14: 265 | F14: 290 | G14: =SUM(E14:F14) -> 555 | H14: Akash prasad
A15: 45607 | B15: =TEXT(A15,"mmm-yy") -> Nov-24 | D15: GV2 Remote Main PCB | E15: 255 | F15: 232 | G15: =SUM(E15:F15) -> 487 | H15: Poonam lokhande
A16: 45607 | B16: =TEXT(A16,"mmm-yy") -> Nov-24 | D16: GV4 Alpha Regulator PCB | E16: 111 | F16: 101 | G16: =SUM(E16:F16) -> 212 | H16: Mayuri
A17: 45608 | B17: =TEXT(A17,"mmm-yy") -> Nov-24 | D17: GV2 Remote Main PCB | E17: 59 | F17: 63 | G17: =SUM(E17:F17) -> 122 | H17: Mayuri
A18: 45609 | B18: =TEXT(A18,"mmm-yy") -> Nov-24 | D18: GV2 Remote Main PCB | E18: 10 | F18: 10 | G18: =SUM(E18:F18) -> 20 | H18: Mayuri
A19: 45611 | B19: =TEXT(A19,"mmm-yy") -> Nov-24 | D19: GV3 Power PCB | E19: 170 | F19: 8 | G19: =SUM(E19:F19) -> 178 | H19: Poonam lokhande
... A21: 45611 | B21: =TEXT(A21,"mmm-yy") -> Nov-24 | D21: GV3 Power PCB | E21: 50 | F21: 5 | G21: =SUM(E21:F21) -> 55 | H21: Mayuri
A22: 45612 | B22: =TEXT(A22,"mmm-yy") -> Nov-24 | D22: GV3 Power PCB | E22: 75 | F22: 5 | G22: =SUM(E22:F22) -> 80 | H22: Mayuri | I22: debug testing pcb
A23: 45612 | B23: =TEXT(A23,"mmm-yy") -> Nov-24 | D23: GV3 Digital PCB | E23: 140 | F23: 4 | G23: =SUM(E23:F23) -> 144 | H23: Swarupa Vishwakarma | I23: debug testing pcb
A24: 45612 | B24: =TEXT(A24,"mmm-yy") -> Nov-24 | D24: GV3 Power PCB | E24: 48 | G24: =SUM(E24:F24) -> 48 | H24: Poonam lokhande | I24: debug testing pcb
A25: 45614 | B25: =TEXT(A25,"mmm-yy") -> Nov-24 | D25: GV3 Digital PCB | E25: 150 | F25: 5 | G25: =SUM(E25:F25) -> 155 | H25: Swarupa Vishwakarma | I25: debug testing pcb
A26: 45623 | B26: =TEXT(A26,"mmm-yy") -> Nov-24 | C26: 72 | D26: GV4 Alpha Regulator PCB | E26: 37 | F26: 43 | G26: =SUM(E26:F26) -> 80 | H26: Mayuri
A27: 45623 | B27: =TEXT(A27,"mmm-yy") -> Nov-24 | C27: 72 | D27: GV4 Studio+ Remote PCB | E27: 17 | F27: 45 | G27: =SUM(E27:F27) -> 62 | H27: Mayuri
A28: 45623 | B28: =TEXT(A28,"mmm-yy") -> Nov-24 | C28: 72 | D28: GV2 Regulator | E28: 30 | F28: 88 | G28: =SUM(E28:F28) -> 118 | H28: Mayuri
A29: 45629 | B29: =TEXT(A29,"mmm-yy") -> Dec-24 | C29: 73 | D29: GV2 Remote Main PCB | E29: 300 | F29: 12 | G29: =SUM(E29:F29) -> 312 | H29: Prajkta Sutar
A30: 45629 | B30: =TEXT(A30,"mmm-yy") -> Dec-24 | C30: 73 | D30: GV2 Remote Main PCB | E30: 250 | F30: 7 | G30: =SUM(E30:F30) -> 257 | H30: Mayuri
A31: 45630 | B31: =TEXT(A31,"mmm-yy") -> Dec-24 | C31: 73 | D31: GV2 Remote Main PCB | E31: 83 | F31: 3 | G31: =SUM(E31:F31) -> 86 | H31: Mayuri
A32: 45630 | B32: =TEXT(A32,"mmm-yy") -> Dec-24 | C32: 73 | D32: GV4 Alpha Regulator PCB | E32: 73 | F32: 23 | G32: =SUM(E32:F32) -> 96 | H32: Mayuri
A33: 45631 | B33: =TEXT(A33,"mmm-yy") -> Dec-24 | D33: GV4 Studio+ Remote PCB | E33: 85 | F33: 18 | G33: =SUM(E33:F33) -> 103 | H33: Prajkta Sutar
A34: 45631 | B34: =TEXT(A34,"mmm-yy") -> Dec-24 | D34: GV4 Ozeo Remote PCB | E34: 73 | F34: 6 | G34: =SUM(E34:F34) -> 79 | H34: Prajkta Sutar
A35: 45638 | B35: =TEXT(A35,"mmm-yy") -> Dec-24 | D35: GV3 Digital PCB | E35: 170 | F35: 100 | G35: =SUM(E35:F35) -> 270 | H35: Mayuri
A36: 45639 | B36: =TEXT(A36,"mmm-yy") -> Dec-24 | D36: GV3 Digital PCB | E36: 183 | F36: 111 | G36: =SUM(E36:F36) -> 294 | H36: Mayuri
A37: 45639 | B37: =TEXT(A37,"mmm-yy") -> Dec-24 | D37: GV2 Remote Main PCB | E37: 143 | F37: 100 | G37: =SUM(E37:F37) -> 243 | H37: Prajkta Sutar
A38: 45639 | B38: =TEXT(A38,"mmm-yy") -> Dec-24 | D38: GV2 Remote Main PCB | E38: 109 | F38: 72 | G38: =SUM(E38:F38) -> 181 | H38: Prajkta Sutar
A39: 45640 | B39: =TEXT(A39,"mmm-yy") -> Dec-24 | C39: 74 | D39: GV4 Alpha Regulator PCB | E39: 104 | F39: 58 | G39: =SUM(E39:F39) -> 162 | H39: Mayuri
A40: 45640 | B40: =TEXT(A40,"mmm-yy") -> Dec-24 | C40: 74 | D40: GV4 Ozeo Remote PCB | E40: 51 | F40: 7 | G40: =SUM(E40:F40) -> 58 | H40: Mayuri
A41: 45642 | B41: =TEXT(A41,"mmm-yy") -> Dec-24 | C41: 74 | D41: GV3 Power PCB | E41: 600 | F41: 75 | G41: =SUM(E41:F41) -> 675 | H41: Nilam dhanawade
A42: 45642 | B42: =TEXT(A42,"mmm-yy") -> Dec-24 | C42: 74 | D42: GV3 Power PCB | E42: 500 | F42: 86 | G42: =SUM(E42:F42) -> 586 | H42: Poonam lokhande
A43: 45642 | B43: =TEXT(A43,"mmm-yy") -> Dec-24 | D43: GV4 Studio+ Remote PCB | E43: 46 | F43: 92 | G43: =SUM(E43:F43) -> 138 | H43: Prajkta Sutar
A44: 45643 | B44: =TEXT(A44,"mmm-yy") -> Dec-24 | D44: GV3 Power PCB | E44: 510 | F44: 65 | G44: =SUM(E44:F44) -> 575 | H44: Nilam dhanawade
A45: 45643 | B45: =TEXT(A46,"mmm-yy") -> Dec-24 | D45: GV3 Power PCB | E45: 400 | F45: 102 | G45: =SUM(E45:F45) -> 502 | H45: Swarupa Vishwakarma
A46: 45656 | B46: =TEXT(A46,"mmm-yy") -> Dec-24 | C46: 75/76 | D46: GV3 Digital PCB | E46: 390 | F46: 120 | G46: =SUM(E46:F46) -> 510 | H46: Swarupa Vishwakarma
A47: 45656 | B47: =TEXT(A47,"mmm-yy") -> Dec-24 | C47: 75/76 | D47: GV3 Power PCB | E47: 253 | F47: 60 | G47: =SUM(E47:F47) -> 313 | H47: Mayuri
A48: 45657 | B48: =TEXT(A48,"mmm-yy") -> Dec-24 | C48: 75/76 | D48: GV2 Remote Main PCB | E48: 202 | F48: 52 | G48: =SUM(E48:F48) -> 254 | H48: Akash prasad
A49: 45657 | B49: =TEXT(A49,"mmm-yy") -> Dec-24 | C49: 75/76 | D49: GV3 Digital PCB | E49: 261 | F49: 106 | G49: =SUM(E49:F49) -> 367 | H49: Mayuri
A50: 45659 | B50: =TEXT(A50,"mmm-yy") -> Jan-25 | C50: 75/76 | D50: GV4 Alpha Regulator PCB | E50: 165 | F50: 50 | G50: =SUM(E50:F50) -> 215 | H50: Nilam dhanawade
A51: 45659 | B51: =TEXT(A51,"mmm-yy") -> Jan-25 | C51: 75/76 | D51: GV2 Remote Main PCB | E51: 311 | F51: 80 | G51: =SUM(E51:F51) -> 391 | H51: Prajkta Sutar
A52: 45659 | B52: =TEXT(A52,"mmm-yy") -> Jan-25 | C52: 75/76 | D52: GV2 Remote Main PCB | E52: 190 | F52: 60 | G52: =SUM(E52:F52) -> 250 | H52: Akash prasad
A53: 45659 | B53: =TEXT(A53,"mmm-yy") -> Jan-25 | C53: 75/76 | D53: GV4 Alpha Regulator PCB | E53: 115 | F53: 40 | G53: =SUM(E53:F53) -> 155 | H53: Akash prasad
A54: 45659 | B54: =TEXT(A54,"mmm-yy") -> Jan-25 | C54: 75/76 | D54: GV3 Digital PCB | E54: 177 | F54: 80 | G54: =SUM(E54:F54) -> 257 | H54: Mayuri
A55: 45659 | B55: =TEXT(A55,"mmm-yy") -> Jan-25 | C55: 75/76 | D55: GV2 Remote Main PCB | E55: 115 | F55: 41 | G55: =SUM(E55:F55) -> 156 | H55: Mayuri
A56: 45660 | B56: =TEXT(A56,"mmm-yy") -> Jan-25 | C56: 75/76 | D56: GV3 Power PCB | E56: 167 | G56: =SUM(E56:F56) -> 167 | H56: Nilam dhanawade
A57: 45660 | B57: =TEXT(A57,"mmm-yy") -> Jan-25 | C57: 75/76 | D57: GV4 Ozeo Remote PCB | E57: 129 | F57: 39 | G57: =SUM(E57:F57) -> 168 | H57: Prajkta Sutar
A58: 45660 | B58: =TEXT(A58,"mmm-yy") -> Jan-25 | C58: 75/76 | D58: GV4 Alpha Regulator PCB | E58: 19 | F58: 13 | G58: =SUM(E58:F58) -> 32 | H58: Prajkta Sutar
A59: 45660 | B59: =TEXT(A59,"mmm-yy") -> Jan-25 | C59: 75/76 | D59: GV2 Remote Main PCB | E59: 147 | F59: 72 | G59: =SUM(E59:F59) -> 219 | H59: Mayuri
A60: 45661 | B60: =TEXT(A60,"mmm-yy") -> Jan-25 | D60: GV3 Power PCB | E60: 300 | F60: 13 | G60: =SUM(E60:F60) -> 313 | H60: Nilam dhanawade
A61: 45664 | B61: =TEXT(A61,"mmm-yy") -> Jan-25 | D61: GV3 Power PCB | E61: 256 | F61: 184 | G61: =SUM(E61:F61) -> 440 | H61: Nilam dhanawade
A62: 45670 | B62: =TEXT(A62,"mmm-yy") -> Jan-25 | C62: 77 | D62: GV2 Remote Main PCB | E62: 210 | F62: 260 | G62: =SUM(E62:F62) -> 470 | H62: Poonam lokhande
A63: 45671 | B63: =TEXT(A63,"mmm-yy") -> Jan-25 | C63: 77 | D63: GV3 Digital PCB | E63: 50 | F63: 25 | G63: =SUM(E63:F63) -> 75 | H63: Mayuri
A64: 45671 | B64: =TEXT(A64,"mmm-yy") -> Jan-25 | C64: 77 | D64: GV3 Digital PCB | E64: 155 | F64: 100 | G64: =SUM(E64:F64) -> 255 | H64: Mayuri
A65: 45671 | B65: =TEXT(A65,"mmm-yy") -> Jan-25 | C65: 77 | D65: GV2 Remote Main PCB | E65: 130 | F65: 85 | G65: =SUM(E65:F65) -> 215 | H65: Poonam lokhande
A66: 45672 | B66: =TEXT(A66,"mmm-yy") -> Jan-25 | C66: 77 | D66: GV3 Digital PCB | E66: 252 | F66: 110 | G66: =SUM(E66:F66) -> 362 | H66: Mayuri
A67: 45675 | B67: =TEXT(A67,"mmm-yy") -> Jan-25 | C67: 77 | D67: GV3 Power PCB | E67: 360 | F67: 176 | G67: =SUM(E67:F67) -> 536 | H67: Poonam lokhande
A68: 45675 | B68: =TEXT(A68,"mmm-yy") -> Jan-25 | C68: 77 | D68: GV3 Power PCB | E68: 100 | F68: 10 | G68: =SUM(E68:F68) -> 110 | H68: Swarupa Vishwakarma
A69: 45681 | B69: =TEXT(A69,"mmm-yy") -> Jan-25 | C69: 78 | D69: GV3 Power PCB | E69: 509 | F69: 72 | G69: =SUM(E69:F69) -> 581 | H69: Swarupa Vishwakarma
A70: 45687 | B70: =TEXT(A70,"mmm-yy") -> Jan-25 | C70: 79 | D70: GV2 Remote Main PCB | E70: 205 | F70: 198 | G70: =SUM(E70:F70) -> 403 | H70: Mayuri
A71: 45687 | B71: =TEXT(A71,"mmm-yy") -> Jan-25 | C71: 79 | D71: GV2 Remote Main PCB | E71: 30 | F71: 60 | G71: =SUM(E71:F71) -> 90 | H71: Swarupa Vishwakarma
A72: 45688 | B72: =TEXT(A72,"mmm-yy") -> Jan-25 | C72: 79 | D72: GV2 Remote Main PCB | E72: 105 | F72: 217 | G72: =SUM(E72:F72) -> 322 | H72: Poonam lokhande
A73: 45688 | B73: =TEXT(A73,"mmm-yy") -> Jan-25 | C73: 79 | D73: GV2 Remote Main PCB | E73: 95 | F73: 180 | G73: =SUM(E73:F73) -> 275 | H73: Mayuri
... A95: 45705 | B95: =TEXT(A95,"mmm-yy") -> Feb-25 | C95: 81 | D95: GV4 Studio+ Remote PCB | E95: 55 | F95: 15 | G95: =SUM(E95:F95) -> 70 | H95: Amit ghabale
A96: 45706 | B96: =TEXT(A96,"mmm-yy") -> Feb-25 | D96: GV4 Studio+ Remote PCB | E96: 155 | F96: 30 | G96: =SUM(E96:F96) -> 185 | H96: Amit ghabale
A97: 45706 | B97: =TEXT(A97,"mmm-yy") -> Feb-25 | D97: GV4 Ozeo Remote PCB | E97: 19 | F97: 3 | G97: =SUM(E97:F97) -> 22 | H97: Amit ghabale
A98: 45706 | B98: =TEXT(A98,"mmm-yy") -> Feb-25 | D98: GV4 Alpha Regulator PCB | E98: 110 | F98: 33 | G98: =SUM(E98:F98) -> 143 | H98: Amit ghabale
A99: 45706 | B99: =TEXT(A99,"mmm-yy") -> Feb-25 | D99: GV3 Digital PCB | E99: 280 | F99: 140 | G99: =SUM(E99:F99) -> 420 | H99: Mayuri
A100: 45707 | B100: =TEXT(A100,"mmm-yy") -> Feb-25 | D100: GV4 Alpha Regulator PCB | E100: 94 | F100: 54 | G100: =SUM(E100:F100) -> 148 | H100: Amit ghabale
A101: 45708 | B101: =TEXT(A101,"mmm-yy") -> Feb-25 | D101: GV3 Power PCB | E101: 425 | F101: 106 | G101: =SUM(E101:F101) -> 531 | H101: RAVINA G
A102: 45709 | B102: =TEXT(A102,"mmm-yy") -> Feb-25 | D102: GV3 Digital PCB | E102: 102 | F102: 36 | G102: =SUM(E102:F102) -> 138 | H102: RAVINA G
A103: 45713 | B103: =TEXT(A103,"mmm-yy") -> Feb-25 | D103: GV3 Digital PCB | E103: 122 | F103: 87 | G103: =SUM(E103:F103) -> 209 | H103: RAVINA G
A104: 45713 | B104: =TEXT(A104,"mmm-yy") -> Feb-25 | D104: GV3 Digital PCB

Sheet Step5_Debug
A1: Date | B1: Month | C1: In_Lot | D1: PCB Type | E1: Quantity Debug OK | F1: Critical Quantity | G1: Scrap PCBs | H1: Total Debug Quantity | I1: Operator Name | J1: Remark
A2: 45604 | B2: =TEXT(A2,"mmm-yy") -> Nov-24 | D2: GV2 Remote Main PCB | H2: =SUM(E2:G2) -> 0 | I2: Poonam lokhande | J2: Gv2 QC reparing pcb = 350 | K2: =E2/H2 -> #DIV/0!
A3: 45605 | B3: =TEXT(A3,"mmm-yy") -> Nov-24 | D3: GV4 Studio+ Remote PCB | I3: Poonam lokhande | J3: Gv4 QC reparing ok pcb = 96 | K3: =E3/H3 -> #DIV/0!
A4: 45605 | B4: =TEXT(A4,"mmm-yy") -> Nov-24 | D4: GV2 Remote Main PCB | I4: Poonam lokhande | J4: Gv2 QC reparing ok pcb = 135 | K4: =E4/H4 -> #DIV/0!
A5: 45605 | B5: =TEXT(A5,"mmm-yy") -> Nov-24 | D5: GV3 Digital PCB | I5: Poonam lokhande | J5: Gv3 digital QC reparing pcb ok = 32 | K5: =E5/H5 -> #DIV/0!
A6: 45608 | B6: =TEXT(A6,"mmm-yy") -> Nov-24 | D6: GV3 Power PCB | E6: 120 | F6: 5 | H6: =SUM(E6:G6) -> 125 | I6: Nilam dhanawade | K6: =E6/H6 -> 0.96
A7: 45608 | B7: =TEXT(A7,"mmm-yy") -> Nov-24 | D7: GV3 Power PCB | E7: 80 | F7: 4 | H7: =SUM(E7:G7) -> 84 | I7: Amit ghabale | K7: =E7/H7 -> 0.95238095
A8: 45609 | B8: =TEXT(A8,"mmm-yy") -> Nov-24 | D8: GV3 Power PCB | E8: 170 | F8: 3 | H8: =SUM(E8:G8) -> 173 | I8: Akash prasad | K8: =E8/H8 -> 0.98265896
A9: 45609 | B9: =TEXT(A9,"mmm-yy") -> Nov-24 | D9: GV3 Power PCB | E9: 180 | F9: 7 | H9: =SUM(E9:G9) -> 187 | I9: Nilam dhanawade | K9: =E9/H9 -> 0.96256684
A10: 45609 | B10: =TEXT(A10,"mmm-yy") -> Nov-24 | D10: GV3 Power PCB | E10: 150 | F10: 2 | H10: =SUM(E10:G10) -> 152 | I10: Amit ghabale | K10: =E10/H10 -> 0.98684211
A11: 45610 | B11: =TEXT(A11,"mmm-yy") -> Nov-24 | D11: GV3 Power PCB | E11: 90 | F11: 6 | H11: =SUM(E11:G11) -> 96 | I11: Nilam dhanawade | K11: =E11/H11 -> 0.9375
A12: 45610 | B12: =TEXT(A12,"mmm-yy") -> Nov-24 | D12: GV3 Power PCB | E12: 50 | F12: 0 | H12: =SUM(E12:G12) -> 50 | I12: Akash prasad | K12: =E12/H12 -> 1
A13: 45610 | B13: =TEXT(A13,"mmm-yy") -> Nov-24 | D13: GV3 Power PCB | E13: 10 | H13: =SUM(E13:G13) -> 10 | I13: Mayuri | K13: =E13/H13 -> 1
A14: 45611 | B14: =TEXT(A14,"mmm-yy") -> Nov-24 | D14: GV3 Power PCB | E14: 180 | F14: 9 | H14: =SUM(E14:G14) -> 189 | I14: Nilam dhanawade | K14: =E14/H14 -> 0.95238095
A15: 45611 | B15: =TEXT(A15,"mmm-yy") -> Nov-24 | D15: GV3 Power PCB | E15: 170 | F15: 7 | H15: =SUM(E15:G15) -> 177 | I15: Akash prasad | K15: =E15/H15 -> 0.96045198
A16: 45611 | B16: =TEXT(A16,"mmm-yy") -> Nov-24 | D16: GV3 Power PCB | E16: 170 | F16: 8 | H16: =SUM(E16:G16) -> 178 | I16: Poonam lokhande | K16: =E16/H16 -> 0.95505618
A17: 45611 | B17: =TEXT(A17,"mmm-yy") -> Nov-24 | D17: GV3 Power PCB | E17: 50 | F17: 5 | H17: =SUM(E17:G17) -> 55 | I17: Mayuri | K17: =E17/H17 -> 0.90909091
A18: 45611 | B18: =TEXT(A18,"mmm-yy") -> Nov-24 | D18: GV3 Power PCB | E18: 175 | F18: 5 | H18: =SUM(E18:G18) -> 180 | I18: Amit ghabale | K18: =E18/H18 -> 0.97222222
A19: 45612 | B19: =TEXT(A19,"mmm-yy") -> Nov-24 | D19: GV3 Power PCB | E19: 100 | F19: 6 | H19: =SUM(E19:G19) -> 106 | I19: Nilam dhanawade | K19: =E19/H19 -> 0.94339623
A20: 45612 | B20: =TEXT(A20,"mmm-yy") -> Nov-24 | D20: GV2 Remote Main PCB | E20: 25 | F20: 2 | H20: =SUM(E20:G20) -> 27 | I20: Nilam dhanawade | K20: =E20/H20 -> 0.92592593
A21: 45612 | B21: =TEXT(A21,"mmm-yy") -> Nov-24 | D21: GV3 Power PCB | E21: 75 | F21: 5 | H21: =SUM(E21:G21) -> 80 | I21: Mayuri | K21: =E21/H21 -> 0.9375
A22: 45612 | B22: =TEXT(A22,"mmm-yy") -> Nov-24 | D22: GV3 Power PCB | E22: 90 | F22: 3 | H22: =SUM(E22:G22) -> 93 | I22: Akash prasad | K22: =E22/H22 -> 0.96774194
A23: 45612 | B23: =TEXT(A23,"mmm-yy") -> Nov-24 | D23: GV2 Remote Main PCB | E23: 40 | F23: 2 | H23: =SUM(E23:G23) -> 42 | I23: Akash prasad | K23: =E23/H23 -> 0.95238095
A24: 45612 | B24: =TEXT(A24,"mmm-yy") -> Nov-24 | D24: GV3 Digital PCB | E24: 140 | F24: 4 | H24: =SUM(E24:G24) -> 144 | I24: Swarupa Vishwakarma | K24: =E24/H24 -> 0.97222222
A25: 45612 | B25: =TEXT(A25,"mmm-yy") -> Nov-24 | D25: GV3 Power PCB | E25: 48 | H25: =SUM(E25:G25) -> 48 | I25: Poonam lokhande | K25: =E25/H25 -> 1
A26: 45612 | B26: =TEXT(A26,"mmm-yy") -> Nov-24 | D26: GV2 Regulator | H26: =SUM(E26:G26) -> 0 | I26: Poonam lokhande | J26: Gv2 QC reparing ok pcb =23 | K26: =E26/H26 -> #DIV/0!
A27: 45612 | B27: =TEXT(A27,"mmm-yy") -> Nov-24 | D27: GV3 Digital PCB | H27: =SUM(E27:G27) -> 0 | I27: Poonam lokhande | J27: Gv3 digital QC Reparing ok pcb = 28 | K27: =E27/H27 -> #DIV/0!
A28: 45612 | B28: =TEXT(A28,"mmm-yy") -> Nov-24 | D28: GV4 Ozeo Remote PCB | H28: =SUM(E28:G28) -> 0 | I28: Poonam lokhande | J28: Gv4 Reguleter QC reparing ok pcb = 65 | K28: =E28/H28 -> #DIV/0!
A29: 45612 | B29: =TEXT(A29,"mmm-yy") -> Nov-24 | D29: GV3 Power PCB | H29: =SUM(E29:G29) -> 0 | I29: Poonam lokhande | J29: Gv3 power QC reparing ok pcb = 36 | K29: =E29/H29 -> #DIV/0!
A30: 45612 | B30: =TEXT(A30,"mmm-yy") -> Nov-24 | D30: GV3 Power PCB | E30: 85 | F30: 2 | H30: =SUM(E30:G30) -> 87 | I30: Amit ghabale | K30: =E30/H30 -> 0.97701149
A31: 45612 | B31: =TEXT(A31,"mmm-yy") -> Nov-24 | D31: GV2 Regulator | E31: 30 | F31: 1 | H31: =SUM(E31:G31) -> 31 | I31: Amit ghabale | K31: =E31/H31 -> 0.96774194
A32: 45614 | B32: =TEXT(A32,"mmm-yy") -> Nov-24 | D32: GV2 Remote Main PCB | E32: 75 | F32: 6 | H32: =SUM(E32:G32) -> 81 | I32: Nilam dhanawade | K32: =E32/H32 -> 0.92592593
A33: 45614 | B33: =TEXT(A33,"mmm-yy") -> Nov-24 | D33: GV2 Remote Main PCB | E33: 75 | F33: 6 | H33: =SUM(E33:G33) -> 81 | I33: Akash prasad | K33: =E33/H33 -> 0.92592593
A34: 45614 | B34: =TEXT(A34,"mmm-yy") -> Nov-24 | D34: GV3 Power PCB | E34: 30 | H34: =SUM(E34:G34) -> 30 | I34: Mayuri | J34: Gv3 power debug +testing | K34: =E34/H34 -> 1
A35: 45615 | B35: =TEXT(A35,"mmm-yy") -> Nov-24 | D35: GV2 Remote Main PCB | E35: 80 | F35: 9 | H35: =SUM(E35:G35) -> 89 | I35: Nilam dhanawade | K35: =E35/H35 -> 0.8988764
A36: 45615 | B36: =TEXT(A36,"mmm-yy") -> Nov-24 | D36: GV2 Remote Main PCB | E36: 75 | F36: 7 | H36: =SUM(E36:G36) -> 82 | I36: Akash prasad | K36: =E36/H36 -> 0.91463415
A37: 45615 | B37: =TEXT(A37,"mmm-yy") -> Nov-24 | D37: GV3 Digital PCB | E37: 150 | F37: 8 | H37: =SUM(E37:G37) -> 158 | I37: Rahul gupta | J37: Debag testing ok | K37: =E37/H37 -> 0.94936709
A38: 45615 | B38: =TEXT(A38,"mmm-yy") -> Nov-24 | D38: GV3 Digital PCB | E38: 30 | H38: =SUM(E38:G38) -> 30 | I38: Mayuri | J38: Debag testing ok | K38: =E38/H38 -> 1
A39: 45615 | B39: =TEXT(A39,"mmm-yy") -> Nov-24 | D39: GV2 Remote Main PCB | E39: 75 | F39: 2 | H39: =SUM(E39:G39) -> 77 | I39: Amit ghabale | K39: =E39/H39 -> 0.97402597
A40: 45615 | B40: =TEXT(A40,"mmm-yy") -> Nov-24 | D40: GV2 Remote Main PCB | E40: 75 | F40: 8 | H40: =SUM(E40:G40) -> 83 | I40: Poonam lokhande | J40: Debag testing ok | K40: =E40/H40 -> 0.90361446
A41: 45618 | B41: =TEXT(A41,"mmm-yy") -> Nov-24 | I41: Akash prasad | J41: LORA soldring pcb ok = 54 | K41: =E41/H41 -> #DIV/0!
A42: 45619 | B42: =TEXT(A42,"mmm-yy") -> Nov-24 | I42: Akash prasad | J42: LORA soldring pcb ok = 66 | K42: =E42/H42 -> #DIV/0!
A43: 45619 | B43: =TEXT(A43,"mmm-yy") -> Nov-24 | D43: GV2 Remote Main PCB | I43: Prajkta Sutar | J43: Gv2. 5 QC repering = 15 | K43: =E43/H43 -> #DIV/0!
A44: 45619 | B44: =TEXT(A44,"mmm-yy") -> Nov-24 | D44: GV3 Digital PCB | I44: Prajkta Sutar | J44: Gv3 digital repering= 31 | K44: =E44/H44 -> #DIV/0!
A45: 45619 | B45: =TEXT(A45,"mmm-yy") -> Nov-24 | D45: GV2 Remote Main PCB | E45: 75 | F45: 6 | H45: 81 | I45: Nilam dhanawade | K45: =E45/H45 -> 0.92592593
A46: 45619 | B46: =TEXT(A46,"mmm-yy") -> Nov-24 | D46: GV3 Digital PCB | E46: 25 | F46: 52 | H46: 77 | I46: Mayuri | J46: debug+testing | K46: =E46/H46 -> 0.32467532
A47: 45619 | B47: =TEXT(A47,"mmm-yy") -> Nov-24 | D47: GV3 Digital PCB | E47: 110 | F47: 11 | H47: =SUM(E47:G47) -> 121 | I47: Swarupa Vishwakarma | J47: debug+testing | K47: =E47/H47 -> 0.90909091
A48: 45619 | B48: =TEXT(A48,"mmm-yy") -> Nov-24 | D48: GV2 Remote Main PCB | E48: 40 | F48: 5 | H48: =SUM(E48:G48) -> 45 | I48: Swarupa Vishwakarma | J48: debug+testing | K48: =E48/H48 -> 0.88888889
A49: 45621 | B49: =TEXT(A49,"mmm-yy") -> Nov-24 | I49: Akash prasad | J49: LORA soldring pcb ok = 71 | K49: =E49/H49 -> #DIV/0!
A50: 45621 | B50: =TEXT(A50,"mmm-yy") -> Nov-24 | D50: GV2 Remote Main PCB | E50: 74 | F50: 8 | H50: 82 | I50: Poonam lokhande | J50: debug+testing | K50: =E50/H50 -> 0.90243902
A51: 45621 | B51: =TEXT(A51,"mmm-yy") -> Nov-24 | D51: GV2 Remote Main PCB | E51: 90 | F51: 20 | H51: =SUM(E51:G51) -> 110 | I51: Swarupa Vishwakarma | J51: debug+testing | K51: =E51/H51 -> 0.81818182
A52: 45621 | B52: =TEXT(A52,"mmm-yy") -> Nov-24 | D52: GV2 Remote Main PCB | E52: 70 | F52: 2 | H52: 72 | I52: Amit ghabale | J52: debug+testing | K52: =E52/H52 -> 0.97222222
A53: 45621 | B53: =TEXT(A53,"mmm-yy") -> Nov-24 | D53: GV2 Remote Main PCB | E53: 35 | F53: 10 | H53: 45 | I53: Mayuri | J53: debug+testing | K53: =E53/H53 -> 0.77777778
A54: 45622 | B54: =TEXT(A54,"mmm-yy") -> Nov-24 | I54: Akash prasad | J54: LORA soldring pcb ok = 70 | K54: =E54/H54 -> #DIV/0!
A55: 45622 | B55: =TEXT(A55,"mmm-yy") -> Nov-24 | D55: GV2 Remote Main PCB | E55: 70 | F55: 9 | H55: 79 | I55: Poonam lokhande | J55: debug+testing | K55: =E55/H55 -> 0.88607595
A56: 45622 | B56: =TEXT(A56,"mmm-yy") -> Nov-24 | D56: GV2 Remote Main PCB | E56: 80 | F56: 10 | H56: =SUM(E56:G56) -> 90 | I56: Swarupa Vishwakarma | J56: debug+testing | K56: =E56/H56 -> 0.88888889
A57: 45622 | B57: =TEXT(A57,"mmm-yy") -> Nov-24 | D57: GV2 Remote Main PCB | E57: 30 | F57: 15 | H57: =SUM(E57:G57) -> 45 | I57: Mayuri | J57: debug+testing | K57: =E57/H57 -> 0.66666667
A58: 45622 | B58: =TEXT(A58,"mmm-yy") -> Nov-24 | D58: GV2 Remote Main PCB | E58: 72 | F58: 3 | H58: =SUM(E58:G58) -> 75 | I58: Amit ghabale | J58: debug+testing | K58: =E58/H58 -> 0.96
A59: 45623 | B59: =TEXT(A59,"mmm-yy") -> Nov-24 | D59: GV3 Power PCB | E59: 95 | F59: 2 | H59: =SUM(E59:G59) -> 97 | I59: Nilam dhanawade | K59: =E59/H59 -> 0.97938144
A60: 45623 | B60: =TEXT(A60,"mmm-yy") -> Nov-24 | H60: =SUM(E60:G60) -> 0 | I60: Akash prasad | J60: LORA soldring pcb ok = 39 | K60: =E60/H60 -> #DIV/0!
A61: 45623 | B61: =TEXT(A61,"mmm-yy") -> Nov-24 | D61: GV3 Power PCB | E61: 98 | H61: =SUM(E61:G61) -> 98 | I61: Akash prasad | J61: debug+testing | K61: =E61/H61 -> 1
A62: 45623 | B62: =TEXT(A62,"mmm-yy") -> Nov-24 | D62: GV2 Remote Main PCB | E62: 95 | F62: 5 | H62: =SUM(E62:G62) -> 100 | I62: Swarupa Vishwakarma | J62: debug+testing | K62: =E62/H62 -> 0.95
A63: 45623 | B63: =TEXT(A63,"mmm-yy") -> Nov-24 | D63: GV2 Remote Main PCB | E63: 75 | F63: 13 | H63: =SUM(E63:G63) -> 88 | I63: Poonam lokhande | J63: debug+testing | K63: =E63/H63 -> 0.85227273
A64: 45623 | B64: =TEXT(A64,"mmm-yy") -> Nov-24 | D64: GV2 Remote Main PCB | E64: 70 | F64: 5 | H64: =SUM(E64:G64) -> 75 | I64: Amit ghabale | J64: debug+testing | K64: =E64/H64 -> 0.93333333
A65: 45624 | B65: =TEXT(A65,"mmm-yy") -> Nov-24 | D65: GV3 Power PCB | E65: 150 | F65: 2 | H65: =SUM(E65:G65) -> 152 | I65: Nilam dhanawade | K65: =E65/H65 -> 0.98684211
A66: 45624 | B66: =TEXT(A66,"mmm-yy") -> Nov-24 | D66: GV2 Remote Main PCB | E66: 95 | F66: 5 | H66: =SUM(E66:G66) -> 100 | I66: Swarupa Vishwakarma | J66: debug+testing | K66: =E66/H66 -> 0.95
A67: 45624 | B67: =TEXT(A67,"mmm-yy") -> Nov-24 | D67: GV2 Remote Main PCB | E67: 80 | F67: 3 | H67: =SUM(E67:G67) -> 83 | I67: Amit ghabale | J67: debug+testing | K67: =E67/H67 -> 0.96385542
A68: 45624 | B68: =TEXT(A68,"mmm-yy") -> Nov-24 | D68: GV3 Power PCB | E68: 147 | F68: 2 | H68: =SUM(E68:G68) -> 149 | I68: Akash prasad | J68: debug+testing | K68: =E68/H68 -> 0.98657718
A69: 45624 | B69: =TEXT(A69,"mmm-yy") -> Nov-24 | D69: GV2 Remote Main PCB | E69: 87 | F69: 11 | H69: =SUM(E69:G69) -> 98 | I69: Poonam lokhande | J69: debug+testing | K69: =E69/H69 -> 0.8877551
A70: 45624 | B70: =TEXT(A70,"mmm-yy") -> Nov-24 | D70: GV2 Remote Main PCB | E70: 16 | F70: 2 | H70: =SUM(E70:G70) -> 18 | I70: Mayuri | J70: debug+testing | K70: =E70/H70 -> 0.88888889
A71: 45625 | B71: =TEXT(A71,"mmm-yy") -> Nov-24 | D71: GV2 Remote Main PCB | E71: 98 | F71: 5 | H71: =SUM(E71:G71) -> 103 | I71: Swarupa Vishwakarma | J71: debug+testing | K71: =E71/H71 -> 0.95145631
A72: 45625 | B72: =TEXT(A72,"mmm-yy") -> Nov-24 | D72: GV2 Remote Main PCB | E72: 85 | F72: 5 | H72: =SUM(E72:G72) -> 90 | I72: Amit ghabale | J72: debug+testing | K72: =E72/H72 -> 0.94444444
A73: 45625 | B73: =TEXT(A73,"mmm-yy") -> Nov-24 | D73: GV2 Remote Main PCB | E73: 90 | F73: 6 | H73: =SUM(E73:G73) -> 96 | I73: Poonam lokhande | J73: debug+testing | K73: =E73/H73 -> 0.9375
A74: 45628 | B74: =TEXT(A74,"mmm-yy") -> Dec-24 | D74: GV2 Remote Main PCB | E74: 106 | H74: =SUM(E74:G74) -> 106 | I74: Akash prasad | J74: QC Foulty repairing | K74: =E74/H74 -> 1
A75: 45628 | B75: =TEXT(A75,"mmm-yy") -> Dec-24 | D75: GV3 Digital PCB | E75: 20 | H75: =SUM(E75:G75) -> 20 | I75: Akash prasad | J75: QC Foulty repairing | K75: =E75/H75 -> 1
A76: 45628 | B76: =TEXT(A76,"mmm-yy") -> Dec-24 | D76: GV3 Power PCB | E76: 75 | H76: =SUM(E76:G76) -> 75 | I76: Akash prasad | J76: QC Foulty repairing | K76: =E76/H76 -> 1
A77: 45628 | B77: =TEXT(A77,"mmm-yy") -> Dec-24 | D77: GV2 Remote Main PCB | E77: 25 | H77: =SUM(E77:G77) -> 25 | I77: Swarupa Vishwakarma | J77: debug+testing | K77: =E77/H77 -> 1
A78: 45628 | B78: =TEXT(A78,"mmm-yy") -> Dec-24 | D78: GV2 Remote Main PCB | E78: 50 | F78: 4 | H78: =SUM(E78:G78) -> 54 | I78: Amit ghabale | J78: debug+testing | K78: =E78/H78 -> 0.92592593
A79: 45628 | B79: =TEXT(A79,"mmm-yy") -> Dec-24 | D79: GV2 Remote Main PCB | E79: 56 | F79: 3 | H79: =SUM(E79:G79) -> 59 | I79: Poonam lokhande | J79: debug+testing | K79: =E79/H79 -> 0.94915254
A80: 45629 | B80: =TEXT(A80,"mmm-yy") -> Dec-24 | D80: GV3 Power PCB | E80: 200 | H80: =SUM(E80:G80) -> 200 | I80: Nilam dhanawade | J80: debug+testing | K80: =E80/H80 -> 1
A81: 45629 | B81: =TEXT(A81,"mmm-yy") -> Dec-24 | C81: LOT73 | D81: GV3 Digital PCB | E81: 10 | F81: 8 | H81: =SUM(E81:G81) -> 18 | I81: Akash prasad | J81: debug+testing | K81: =E81/H81 -> 0.55555556
A82: 45629 | B82: =TEXT(A82,"mmm-yy") -> Dec-24 | C82: 72 | D82: GV3 Digital PCB | E82: 150 | H82: =SUM(E82:G82) -> 150 | I82: Akash prasad | J82: debug+testing | K82: =E82/H82 -> 1
A83: 45629 | B83: =TEXT(A83,"mmm-yy") -> Dec-24 | D83: GV2 Remote Main PCB | E83: 100 | F83: 7 | H83: =SUM(E83:G83) -> 107 | I83: Swarupa Vishwakarma | J83: debug+testing | K83: =E83/H83 -> 0.93457944
A84: 45630 | B84: =TEXT(A84,"mmm-yy") -> Dec-24 | C84: 73 | D84: GV3 Power PCB | E84: 260 | H84: =SUM(E84:G84) -> 260 | I84: Akash prasad | J84: debug+testing | K84: =E84/H84 -> 1
A85: 45631 | B85: =TEXT(A85,"mmm-yy") -> Dec-24 | D85: GV2 Remote Main PCB | E85: 100 | F85: 6 | H85: =SUM(E85:G85) -> 106 | I85: Swarupa Vishwakarma | J85: debug+testing | K85: =E85/H85 -> 0.94339623
A86: 45632 | B86: =TEXT(A86,"mmm-yy") -> Dec-24 | D86: GV2 Remote Main PCB | E86: 137 | H86: =SUM(E86:G86) -> 137 | I86: Poonam lokhande | J86: QC Foulty repairing | K86: =E86/H86 -> 1
A87: 45632 | B87: =TEXT(A87,"mmm-yy") -> Dec-24 | D87: GV4 Studio+ Remote PCB | E87: 13 | H87: =SUM(E87:G87) -> 13 | I87: Poonam lokhande | J87: QC Foulty repairing | K87: =E87/H87 -> 1
A88: 45635 | B88: =TEXT(A88,"mmm-yy") -> Dec-24 | D88: GV2 Remote Main PCB | E88: 95 | F88: 10 | H88: =SUM(E88:G88) -> 105 | I88: Nilam dhanawade | K88: =E88/H88 -> 0.9047619
A89: 45635 | B89: =TEXT(A89,"mmm-yy") -> Dec-24 | D89: GV2 Remote Main PCB | E89: 93 | F89: 13 | H89: =SUM(E89:G89) -> 106 | I89: Poonam lokhande | K89: =E89/H89 -> 0.87735849
A90: 45635 | B90: =TEXT(A90,"mmm-yy") -> Dec-24 | D90: GV2 Remote Main PCB | E90: 100 | F90: 5 | H90: =SUM(E90:G90) -> 105 | I90: Swarupa Vishwakarma | K90: =E90/H90 -> 0.95238095
A91: 45635 | B91: =TEXT(A91,"mmm-yy") -> Dec-24 | D91: GV2 Remote Main PCB | E91: 45 | F91: 2 | H91: =SUM(E91:G91) -> 47 | I91: Prajkta Sutar | K91: =E91/H91 -> 0.95744681
A92: 45635 | B92: =TEXT(A92,"mmm-yy") -> Dec-24 | D92: GV2 Remote Main PCB | E92: 30 | F92: 10 | H92: =SUM(E92:G92) -> 40 | I92: Mayuri | K92: =E92/H92 -> 0.75
A93: 45636 | B93: =TEXT(A93,"mmm-yy") -> Dec-24 | D93: GV2 Remote Main PCB | E93: 54 | F93: 17 | H93: =SUM(E93:G93) -> 71 | I93: Prajkta Sutar | K93: =E93/H93 -> 0.76056338
A94: 45636 | B94: =TEXT(A94,"mmm-yy") -> Dec-24 | D94: GV2 Remote Main PCB | E94: 110 | F94: 13 | H94: =SUM(E94:G94) -> 123 | I94: Nilam dhanawade | K94: =E94/H94 -> 0.89430894
A95: 45636 | B95: =TEXT(A95,"mmm-yy") -> Dec-24 | D95: GV2 Remote Main PCB | E95: 50 | F95: 4 | H95: =SUM(E95:G95) -> 54 | I95: Swarupa Vishwakarma | K95: =E95/H95 -> 0.92592593
A96: 45636 | B96: =TEXT(A96,"mmm-yy") -> Dec-24 | D96: GV2 Remote Main PCB | E96: 35 | F96: 12 | H96: =SUM(E96:G96) -> 47 | I96: Mayuri | K96: =E96/H96 -> 0.74468085
A97: 45637 | B97: =TEXT(A97,"mmm-yy") -> Dec-24 | D97: GV2 Remote Main PCB | E97: 95 | F97: 5 | H97: =SUM(E97:G97) -> 100 | I97: Akash prasad | K97: =E97/H97 -> 0.95
A98: 45637 | B98: =TEXT(A98,"mmm-yy") -> Dec-24 | D98: GV2 Remote Main PCB | E98: 101 | F98: 7 | H98: =SUM(E98:G98) -> 108 | I98: Swarupa Vishwakarma | K98: =E98/H98 -> 0.93518519
A99: 45637 | B99: =TEXT(A99,"mmm-yy") -> Dec-24 | D99: GV2 Remote Main PCB | E99: 100 | F99: 6 | H99: =SUM(E99:G99) -> 106 | I99: Poonam lokhande | K99: =E99/H99 -> 0.94339623
... A101: 45637 | B101: =TEXT(A101,"mmm-yy") -> Dec-24 | D101: GV2 Remote Main PCB | E101: 90 | F101: 3 | H101: =SUM(E101:G101) -> 93 | I101: Amit ghabale | K101: =E101/H101 -> 0.96774194
...

Sheet Step6_Entry
A1: Date | B1: Month | C1: In_Lot | D1: PCB Type | E1: Entry Count | F1: PCB Status | G1: Operator Name
A2: 45605 | B2: =TEXT(A2,"mmm-yy") -> Nov-24 | D2: GV2 Remote Main PCB | E2: 235 | F2: QC Repairing | G2: Rahul gupta
A3: 45605 | B3: =TEXT(A3,"mmm-yy") -> Nov-24 | D3: GV3 Digital PCB | E3: 474 | F3: scrap pcb | G3: Rahul gupta
A4: 45607 | B4: =TEXT(A4,"mmm-yy") -> Nov-24 | D4: GV3 Power PCB | G4: Rahul gupta
A5: 45607 | B5: =TEXT(A5,"mmm-yy") -> Nov-24 | D5: GV4 Studio+ Remote PCB | E5: 525 | F5: scrap pcb | G5: Rahul gupta
A6: 45607 | B6: =TEXT(A6,"mmm-yy") -> Nov-24 | D6: GV2 Remote Main PCB | G6: Rahul gupta
A7: 45607 | B7: =TEXT(A7,"mmm-yy") -> Nov-24 | D7: GV3 Digital PCB | G7: Rahul gupta
A8: 45607 | B8: =TEXT(A8,"mmm-yy") -> Nov-24 | D8: GV4 Studio+ Remote PCB | E8: 150 | F8: QC Repairing | G8: Rahul gupta
A9: 45609 | B9: =TEXT(A9,"mmm-yy") -> Nov-24 | D9: GV3 Power PCB | E9: 200 | F9: debug pcb | G9: Rahul gupta
A10: 45611 | B10: =TEXT(A10,"mmm-yy") -> Nov-24 | D10: GV3 Power PCB | E10: 573 | F10: debug pcb | G10: Rahul gupta
A11: 45612 | B11: =TEXT(A11,"mmm-yy") -> Nov-24 | D11: GV3 Power PCB | E11: 683 | F11: debug pcb | G11: Rahul gupta
A12: 45614 | B12: =TEXT(A12,"mmm-yy") -> Nov-24 | D12: GV3 Power PCB | E12: 476 | F12: debug pcb | G12: Rahul gupta
A13: 45614 | B13: =TEXT(A13,"mmm-yy") -> Nov-24 | D13: GV3 Digital PCB | E13: 134 | F13: debug pcb | G13: Rahul gupta
A14: 45615 | B14: =TEXT(A14,"mmm-yy") -> Nov-24 | D14: GV3 Digital PCB | E14: 169 | F14: debug pcb | G14: Rahul gupta
A15: 45615 | B15: =TEXT(A15,"mmm-yy") -> Nov-24 | D15: GV2 Regulator | E15: 190 | F15: debug pcb | G15: Rahul gupta
A16: 45615 | B16: =TEXT(A16,"mmm-yy") -> Nov-24 | D16: GV4 Alpha Regulator PCB | E16: 56 | F16: QC Repairing | G16: Rahul gupta
A17: 45615 | B17: =TEXT(A17,"mmm-yy") -> Nov-24 | D17: GV2 Regulator | E17: 22 | F17: QC Repairing | G17: Rahul gupta
A18: 45615 | B18: =TEXT(A18,"mmm-yy") -> Nov-24 | D18: GV2 Regulator | E18: 51 | F18: 1 st level | G18: Rahul gupta
A19: 45615 | B19: =TEXT(A19,"mmm-yy") -> Nov-24 | D19: GV2 Remote Main PCB | E19: 37 | F19: 1 st level | G19: Rahul gupta
... A29: 45624 | B29: =TEXT(A29,"mmm-yy") -> Nov-24 | D29: GV2 Remote Main PCB | E29: 183 | F29: debug pcb | G29: Rahul gupta
A30: 45624 | B30: =TEXT(A30,"mmm-yy") -> Nov-24 | C30: 72 | D30: GV3 Power PCB | E30: 402 | F30: debug pcb | G30: Rahul gupta
A31: 45624 | B31: =TEXT(A31,"mmm-yy") -> Nov-24 | C31: 72 | D31: GV2 Remote Main PCB | E31: 30 | F31: 1 st level | G31: Rahul gupta
A32: 45624 | B32: =TEXT(A32,"mmm-yy") -> Nov-24 | C32: 72 | D32: GV2 Remote Main PCB | E32: 60 | F32: 1 st level | G32: Rahul gupta
A33: 45625 | B33: =TEXT(A33,"mmm-yy") -> Nov-24 | D33: GV2 Remote Main PCB | E33: 182 | F33: debug pcb | G33: Rahul gupta
A34: 45625 | B34: =TEXT(A34,"mmm-yy") -> Nov-24 | C34: 72 | D34: GV2 Remote Main PCB | E34: 48 | F34: debug pcb | G34: Rahul gupta
A35: 45628 | B35: =TEXT(A35,"mmm-yy") -> Dec-24 | D35: GV2 Regulator | E35: 202 | F35: debug pcb | G35: Rahul gupta
A36: 45629 | B36: =TEXT(A36,"mmm-yy") -> Dec-24 | D36: GV3 Digital PCB | E36: 25 | F36: QC Repairing | G36: Rahul gupta
A37: 45629 | B37: =TEXT(A37,"mmm-yy") -> Dec-24 | D37: GV3 Power PCB | E37: 74 | F37: QC Repairing | G37: Rahul gupta
A38: 45629 | B38: =TEXT(A38,"mmm-yy") -> Dec-24 | D38: GV3 Power PCB | E38: 134 | F38: scrap pcb | G38: Rahul gupta
A39: 45629 | B39: =TEXT(A39,"mmm-yy") -> Dec-24 | D39: GV3 Digital PCB | E39: 244 | F39: scrap pcb | G39: Rahul gupta
A40: 45629 | B40: =TEXT(A40,"mmm-yy") -> Dec-24 | C40: 72 | D40: GV3 Power PCB | E40: 49 | F40: scrap pcb | G40: Rahul gupta
A41: 45629 | B41: =TEXT(A41,"mmm-yy") -> Dec-24 | C41: 72 | D41: GV3 Digital PCB | E41: 188 | F41: scrap pcb | G41: Rahul gupta
A42: 45629 | B42: =TEXT(A42,"mmm-yy") -> Dec-24 | C42: 72 | D42: GV2 Remote Main PCB | E42: 134 | F42: scrap pcb | G42: Rahul gupta
A43: 45629 | B43: =TEXT(A43,"mmm-yy") -> Dec-24 | C43: 73 | D43: GV3 Digital PCB | E43: 89 | F43: scrap pcb | G43: Rahul gupta
A44: 45629 | B44: =TEXT(A44,"mmm-yy") -> Dec-24 | C44: 73 | D44: GV3 Power PCB | E44: 20 | F44: scrap pcb | G44: Rahul gupta
A45: 45629 | B45: =TEXT(A45,"mmm-yy") -> Dec-24 | C45: 73 | D45: GV2 Remote Main PCB | E45: 62 | F45: scrap pcb | G45: Rahul gupta
A46: 45630 | B46: =TEXT(A46,"mmm-yy") -> Dec-24 | D46: GV2 Remote Main PCB | E46: 133 | F46: debug pcb | G46: Rahul gupta
A47: 45630 | B47: =TEXT(A47,"mmm-yy") -> Dec-24 | C47: 73 | D47: GV3 Power PCB | E47: 209 | F47: debug pcb | G47: Rahul gupta
A48: 45630 | B48: =TEXT(A48,"mmm-yy") -> Dec-24 | C48: 73 | D48: GV3 Digital PCB | E48: 160 | F48: debug pcb | G48: Rahul gupta
A49: 45630 | B49: =TEXT(A49,"mmm-yy") -> Dec-24 | C49: 73 | D49: GV2 Remote Main PCB | E49: 286 | F49: 1 st level | G49: Rahul gupta
A50: 45630 | B50: =TEXT(A50,"mmm-yy") -> Dec-24 | C50: 73 | D50: GV2 Remote Main PCB | E50: 236 | F50: 1 st level | G50: Rahul gupta
A51: 45631 | B51: =TEXT(A51,"mmm-yy") -> Dec-24 | C51: 73 | D51: GV3 Power PCB | E51: 329 | F51: debug pcb | G51: Rahul gupta
A52: 45631 | B52: =TEXT(A52,"mmm-yy") -> Dec-24 | C52: 73 | D52: GV4 Ozeo Remote PCB | E52: 72 | F52: 1 st level | G52: Rahul gupta
A53: 45631 | B53: =TEXT(A53,"mmm-yy") -> Dec-24 | C53: 73 | D53: GV4 Alpha Regulator PCB | E53: 132 | F53: 1 st level | G53: Rahul gupta
A54: 45631 | B54: =TEXT(A54,"mmm-yy") -> Dec-24 | C54: 73 | D54: GV4 Studio+ Remote PCB | E54: 86 | F54: 1 st level | G54: Rahul gupta
A55: 45632 | B55: =TEXT(A55,"mmm-yy") -> Dec-24 | C55: 73 | D55: GV3 Power PCB | E55: 329 | F55: debug pcb | G55: Rahul gupta
A56: 45633 | B56: =TEXT(A56,"mmm-yy") -> Dec-24 | D56: GV2 Remote Main PCB | E56: 160 | F56: debug pcb | G56: Rahul gupta
A57: 45633 | B57: =TEXT(A57,"mmm-yy") -> Dec-24 | D57: GV2 Remote Main PCB | E57: 132 | F57: QC Repairing | G57: Rahul gupta
A58: 45633 | B58: =TEXT(A58,"mmm-yy") -> Dec-24 | D58: GV4 Studio+ Remote PCB | E58: 14 | F58: QC Repairing | G58: Rahul gupta
A59: 45635 | B59: =TEXT(A59,"mmm-yy") -> Dec-24 | D59: GV2 Remote Main PCB | E59: 118 | F59: scrap pcb | G59: Rahul gupta
A60: 45635 | B60: =TEXT(A60,"mmm-yy") -> Dec-24 | D60: GV3 Power PCB | E60: 154 | F60: scrap pcb | G60: Rahul gupta
A61: 45635 | B61: =TEXT(A61,"mmm-yy") -> Dec-24 | D61: GV4 Alpha Regulator PCB | E61: 116 | F61: scrap pcb | G61: Rahul gupta
A62: 45636 | B62: =TEXT(A62,"mmm-yy") -> Dec-24 | D62: GV2 Remote Main PCB | E62: 359 | F62: debug pcb | G62: Rahul gupta
A63: 45636 | B63: =TEXT(A63,"mmm-yy") -> Dec-24 | D63: GV4 Studio+ Remote PCB | E63: 39 | F63: scrap pcb | G63: Rahul gupta
A64: 45636 | B64: =TEXT(A64,"mmm-yy") -> Dec-24 | D64: GV2 Remote Main PCB | E64: 159 | F64: scrap pcb | G64: Rahul gupta
A65: 45637 | B65: =TEXT(A65,"mmm-yy") -> Dec-24 | D65: GV2 Remote Main PCB | E65: 257 | F65: debug pcb | G65: Rahul gupta
A66: 45638 | B66: =TEXT(A66,"mmm-yy") -> Dec-24 | D66: GV2 Remote Main PCB | E66: 480 | F66: debug pcb | G66: Rahul gupta
A67: 45639 | B67: =TEXT(A67,"mmm-yy") -> Dec-24 | D67: GV2 Remote Main PCB | E67: 283 | F67: debug pcb | G67: Rahul gupta
A68: 45639 | B68: =TEXT(A68,"mmm-yy") -> Dec-24 | C68: 74 | D68: GV3 Digital PCB | E68: 351 | F68: 1 st level | G68: Rahul gupta
A69: 45640 | B69: =TEXT(A69,"mmm-yy") -> Dec-24 | C69: 74 | D69: GV2 Remote Main PCB | E69: 252 | F69: 1 st level | G69: Rahul gupta
A70: 45642 | B70: =TEXT(A70,"mmm-yy") -> Dec-24 | D70: GV2 Remote Main PCB | E70: 356 | F70: debug pcb | G70: Rahul gupta
A71: 45646 | B71: =TEXT(A71,"mmm-yy") -> Dec-24 | C71: 74 | D71: GV3 Power PCB | E71: 874 | F71: 1 st level | G71: Rahul gupta
A72: 45646 | B72: =TEXT(A72,"mmm-yy") -> Dec-24 | C72: 74 | D72: GV4 Ozeo Remote PCB | E72: 52 | F72: 1 st level | G72: Rahul gupta
A73: 45646 | B73: =TEXT(A73,"mmm-yy") -> Dec-24 | C73: 74 | D73: GV4 Studio+ Remote PCB | E73: 46 | F73: 1 st level | G73: Rahul gupta
A74: 45646 | B74: =TEXT(A74,"mmm-yy") -> Dec-24 | C74: 74 | D74: GV4 Alpha Regulator PCB | E74: 104 | F74: 1 st level | G74: Rahul gupta
A75: 45646 | B75: =TEXT(A75,"mmm-yy") -> Dec-24 | C75: 74 | D75: GV3 Digital PCB | E75: 160 | F75: debug pcb | G75: Rahul gupta
A76: 45647 | B76: =TEXT(A76,"mmm-yy") -> Dec-24 | D76: GV3 Power PCB | E76: 410 | F76: debug pcb | G76: Rahul gupta
A77: 45647 | B77: =TEXT(A77,"mmm-yy") -> Dec-24 | D77: GV3 Power PCB | E77: 116 | F77: scrap pcb | G77: Rahul gupta
A78: 45647 | B78: =TEXT(A78,"mmm-yy") -> Dec-24 | D78: GV2 Remote Main PCB | E78: 365 | F78: scrap pcb | G78: Rahul gupta
A79: 45650 | B79: =TEXT(A79,"mmm-yy") -> Dec-24 | D79: GV3 Digital PCB | E79: 250 | F79: 1 st level | G79: Rahul gupta
A80: 45650 | B80: =TEXT(A80,"mmm-yy") -> Dec-24 | D80: GV2 Remote Main PCB | E80: 340 | F80: 1 st level | G80: Rahul gupta
A81: 45652 | B81: =TEXT(A81,"mmm-yy") -> Dec-24 | D81: GV4 Alpha Regulator PCB | E81: 547 | F81: debug pcb | G81: Rahul gupta
A82: 45654 | B82: =TEXT(A82,"mmm-yy") -> Dec-24 | D82: GV2 Remote Main PCB | E82: 87 | F82: QC Repairing | G82: Rahul gupta
A83: 45657 | B83: =TEXT(A83,"mmm-yy") -> Dec-24 | C83: 75/76 | D83: GV3 Digital PCB | E83: 221 | F83: 1 st level | G83: Rahul gupta
A84: 45657 | B84: =TEXT(A84,"mmm-yy") -> Dec-24 | C84: 75/76 | D84: GV3 Digital PCB | E84: 235 | F84: cleaning pcb | G84: Rahul gupta
A85: 45657 | B85: =TEXT(A85,"mmm-yy") -> Dec-24 | C85: 75/76 | D85: GV3 Power PCB | E85: 118 | F85: cleaning pcb | G85: Rahul gupta
A86: 45657 | B86: =TEXT(A86,"mmm-yy") -> Dec-24 | C86: 75/76 | D86: GV3 Digital PCB | E86: 350 | F86: scrap pcb | G86: Rahul gupta
A87: 45659 | B87: =TEXT(A87,"mmm-yy") -> Jan-25 | C87: 75/76 | D87: GV2 Remote Main PCB | E87: 383 | F87: 1 st level | G87: Rahul gupta
A88: 45660 | B88: =TEXT(A88,"mmm-yy") -> Jan-25 | C88: 75/76 | D88: GV3 Digital PCB | E88: 177 | F88: 1 st level | G88: Rahul gupta
A89: 45660 | B89: =TEXT(A89,"mmm-yy") -> Jan-25 | C89: 75/76 | D89: GV2 Remote Main PCB | E89: 536 | F89: 1 st level | G89: Rahul gupta
A90: 45661 | B90: =TEXT(A90,"mmm-yy") -> Jan-25 | D90: GV3 Digital PCB | E90: 281 | F90: debug pcb | G90: Rahul gupta
A91: 45661 | B91: =TEXT(A91,"mmm-yy") -> Jan-25 | D91: GV4 Studio+ Remote PCB | E91: 115 | F91: 1 st level | G91: Rahul gupta
A92: 45661 | B92: =TEXT(A92,"mmm-yy") -> Jan-25 | D92: GV4 Ozeo Remote PCB | E92: 128 | F92: 1 st level | G92: Rahul gupta
A93: 45661 | B93: =TEXT(A93,"mmm-yy") -> Jan-25 | D93: GV2 Remote Main PCB | E93: 76 | F93: QC Repairing | G93: Rahul gupta
A94: 45661 | B94: =TEXT(A94,"mmm-yy") -> Jan-25 | D94: GV2 Remote Main PCB | E94: 97 | F94: 1 st level | G94: Rahul gupta
A95: 45663 | B95: =TEXT(A95,"mmm-yy") -> Jan-25 | D95: GV3 Digital PCB | E95: 860 | F95: scrap pcb | G95: Rahul gupta
A96: 45663 | B96: =TEXT(A96,"mmm-yy") -> Jan-25 | D96: GV3 Power PCB | E96: 100 | F96: scrap pcb | G96: Rahul gupta
A97: 45663 | B97: =TEXT(A97,"mmm-yy") -> Jan-25 | D97: GV2 Remote Main PCB | E97: 160 | F97: scrap pcb | G97: Rahul gupta
A98: 45664 | B98: =TEXT(A98,"mmm-yy") -> Jan-25 | D98: GV3 Power PCB | E98: 207 | F98: scrap pcb | G98: Rahul gupta
A99: 45664 | B99: =TEXT(A99,"mmm-yy") -> Jan-25 | D99: GV2 Remote Main PCB | E99: 848 | F99: 1 st level | G99: Rahul gupta
A100: 45664 | B100: =TEXT(A100,"mmm-yy") -> Jan-25 | D100: GV3 Power PCB | E100: 203 | F100: 1 st level | G100: Rahul gupta
A101: 45665 | B101: =TEXT(A101,"mmm-yy") -> Jan-25 | D101: GV2 Remote Main PCB | E101: 250 | F101: debug pcb | G101: Rahul gupta
... A114: 45668 | B114: =TEXT(A114,"mmm-yy") -> Jan-25 | D114: GV4 Alpha Regulator PCB | E114: 245 | F114: scrap pcb | G114: Rahul gupta
A115: 45670 | B115: =TEXT(A115,"mmm-yy") -> Jan-25 | D115: GV3 Digital PCB | E115: 900 | F115: scrap pcb | G115: Rahul gupta | H115: old barcode
A116: 45670 | B116: =TEXT(A116,"mmm-yy") -> Jan-25 | D116: GV4 Studio+ Remote PCB | E116: 65 | F116: debug pcb | G116: Rahul gupta
A117: 45670 | B117: =TEXT(A117,"mmm-yy") -> Jan-25 | D117: GV4 Alpha Regulator PCB | E117: 116 | F117: debug pcb | G117: Rahul gupta
A118: 45670 | B118: =TEXT(A118,"mmm-yy") -> Jan-25 | D118: GV2 Remote Main PCB | E118: 104 | F118: debug pcb | G118: Rahul gupta
A119: 45671 | B119: =TEXT(A119,"mmm-yy") -> Jan-25 | D119: GV4 Studio+ Remote PCB | E119: 90 | F119: debug pcb | G119: Rahul gupta
A120: 45671 | B120: =TEXT(A120,"mmm-yy") -> Jan-25 | D120: GV2 Remote Main PCB | E120: 342 | F120: 1 st level | G120: Rahul gupta
A121: 45671 | B121: =TEXT(A121,"mmm-yy") -> Jan-25 | D121: GV4 Alpha Regulator PCB | E121: 140 | F121: scrap pcb | G121: Rahul gupta
...

Sheet Step7_Cleaning
A1: Date | B1: Month | C1: In_Lot | D1: PCB Type | E1: Quantity Cleaned | F1: QC Reject | G1: Total PCBs | H1: Operator Name | I1: Remark
A2: 45601 | B2: =TEXT(A2,"mmm-yy") -> Nov-24 | D2: GV2 Remote Main PCB | E2: 401 | G2: =SUM(E2:F2) -> 401 | H2: Vijay kumar
A3: 45602 | B3: =TEXT(A3,"mmm-yy") -> Nov-24 | D3: GV2 Remote Main PCB | G3: =SUM(E3:F3) -> 0 | H3: Vijay kumar
A4: 45602 | B4: =TEXT(A4,"mmm-yy") -> Nov-24 | D4: GV4 Studio+ Remote PCB | G4: =SUM(E4:F4) -> 0 | H4: Vijay kumar
A5: 45602 | B5: =TEXT(A5,"mmm-yy") -> Nov-24 | D5: GV3 Digital PCB | E5: 557 | G5: =SUM(E5:F5) -> 557 | H5: Vijay kumar
A6: 45602 | B6: =TEXT(A6,"mmm-yy") -> Nov-24 | D6: GV3 Digital PCB | E6: 75 | G6: =SUM(E6:F6) -> 75 | H6: Rahul gupta
A7: 45603 | B7: =TEXT(A7,"mmm-yy") -> Nov-24 | D7: GV2 Remote Main PCB | G7: =SUM(E7:F7) -> 0
A8: 45604 | B8: =TEXT(A8,"mmm-yy") -> Nov-24 | D8: GV4 Studio+ Remote PCB | G8: =SUM(E8:F8) -> 0
A9: 45604 | B9: =TEXT(A9,"mmm-yy") -> Nov-24 | D9: GV4 Alpha Regulator PCB | E9: 440 | G9: =SUM(E9:F9) -> 440 | H9: Vijay kumar
A10: 45605 | B10: =TEXT(A10,"mmm-yy") -> Nov-24 | D10: GV2 Remote Main PCB | G10: =SUM(E10:F10) -> 0 | H10: Vijay kumar
A11: 45605 | B11: =TEXT(A11,"mmm-yy") -> Nov-24 | D11: GV4 Studio+ Remote PCB | G11: =SUM(E11:F11) -> 0 | H11: Vijay kumar
A12: 45605 | B12: =TEXT(A12,"mmm-yy") -> Nov-24 | D12: GV3 Digital PCB | E12: 702 | G12: =SUM(E12:F12) -> 702 | H12: Vijay kumar
A13: 45607 | B13: =TEXT(A13,"mmm-yy") -> Nov-24 | D13: GV4 Studio+ Remote PCB | G13: =SUM(E13:F13) -> 0
A14: 45607 | B14: =TEXT(A14,"mmm-yy") -> Nov-24 | D14: GV3 Digital PCB | E14: 200 | G14: =SUM(E14:F14) -> 200 | H14: Nilam dhanawade
A15: 45607 | B15: =TEXT(A15,"mmm-yy") -> Nov-24 | D15: GV2 Remote Main PCB | G15: =SUM(E15:F15) -> 0
A16: 45607 | B16: =TEXT(A16,"mmm-yy") -> Nov-24 | D16: GV4 Studio+ Remote PCB | E16: 520 | G16: =SUM(E16:F16) -> 520 | H16: Vijay kumar
A17: 45608 | B17: =TEXT(A17,"mmm-yy") -> Nov-24 | D17: GV3 Digital PCB | E17: 180 | F17: 2 | G17: =SUM(E17:F17) -> 182 | H17: Rahul gupta
A18: 45608 | B18: =TEXT(A18,"mmm-yy") -> Nov-24 | D18: GV4 Alpha Regulator PCB | E18: 25 | G18: =SUM(E18:F18) -> 25 | H18: Rahul gupta
A19: 45608 | B19: =TEXT(A19,"mmm-yy") -> Nov-24 | D19: GV3 Digital PCB | E19: 180 | G19: =SUM(E19:F19) -> 180 | H19: Vijay kumar
A20: 45608 | B20: =TEXT(A20,"mmm-yy") -> Nov-24 | D20: GV4 Alpha Regulator PCB | E20: 130 | G20: =SUM(E20:F20) -> 130 | H20: Vijay kumar
A21: 45609 | B21: =TEXT(A21,"mmm-yy") -> Nov-24 | D21: GV2 Remote Main PCB | E21: 340 | G21: =SUM(E21:F21) -> 340 | H21: Vijay kumar
A22: 45609 | B22: =TEXT(A22,"mmm-yy") -> Nov-24 | D22: GV2 Regulator | E22: 205 | G22: =SUM(E22:F22) -> 205 | H22: Vijay kumar
A23: 45610 | B23: =TEXT(A23,"mmm-yy") -> Nov-24 | D23: GV3 Power PCB | E23: 200 | G23: =SUM(E23:F23) -> 200 | H23: Vijay kumar
A24: 45611 | B24: =TEXT(A24,"mmm-yy") -> Nov-24 | D24: GV3 Power PCB | E24: 465 | G24: =SUM(E24:F24) -> 465 | H24: Vijay kumar
A25: 45612 | B25: =TEXT(A25,"mmm-yy") -> Nov-24 | D25: GV3 Power PCB | E25: 510 | G25: =SUM(E25:F25) -> 510 | H25: Vijay kumar
A26: 45614 | B26: =TEXT(A26,"mmm-yy") -> Nov-24 | D26: GV3 Digital PCB | E26: 101 | G26: =SUM(E26:F26) -> 101 | H26: Rahul gupta
A27: 45615 | B27: =TEXT(A27,"mmm-yy") -> Nov-24 | D27: GV3 Power PCB | E27: 480 | G27: =SUM(E27:F27) -> 480 | H27: Vijay kumar
A28: 45615 | B28: =TEXT(A28,"mmm-yy") -> Nov-24 | D28: GV3 Digital PCB | E28: 50 | G28: =SUM(E28:F28) -> 50 | H28: Vijay kumar
A29: 45615 | B29: =TEXT(A29,"mmm-yy") -> Nov-24 | D29: GV3 Digital PCB | E29: 30 | G29: =SUM(E29:F29) -> 30 | H29: Rahul gupta
... A40: 45622 | B40: =TEXT(A40,"mmm-yy") -> Nov-24 | D40: GV4 Alpha Regulator PCB | E40: 64 | G40: =SUM(E40:F40) -> 64 | H40: Vijay kumar
A41: 45622 | B41: =TEXT(A41,"mmm-yy") -> Nov-24 | G41: =SUM(E41:F41) -> 0 | H41: Vijay kumar | I41: LORA PCB cleaning ok qty=200
A42: 45623 | B42: =TEXT(A42,"mmm-yy") -> Nov-24 | D42: GV2 Regulator | E42: 283 | G42: =SUM(E42:F42) -> 283 | H42: Vijay kumar
A43: 45623 | B43: =TEXT(A43,"mmm-yy") -> Nov-24 | D43: GV3 Digital PCB | E43: 150 | G43: =SUM(E43:F43) -> 150 | H43: Vijay kumar
A44: 45623 | B44: =TEXT(A44,"mmm-yy") -> Nov-24 | D44: GV4 Alpha Regulator PCB | E44: 37 | G44: =SUM(E44:F44) -> 37 | H44: Vijay kumar
A45: 45623 | B45: =TEXT(A45,"mmm-yy") -> Nov-24 | D45: GV4 Studio+ Remote PCB | E45: 17 | G45: =SUM(E45:F45) -> 17 | H45: Vijay kumar
A46: 45624 | B46: =TEXT(A46,"mmm-yy") -> Nov-24 | D46: GV2 Remote Main PCB | E46: 120 | G46: =SUM(E46:F46) -> 120 | H46: Mayuri
A47: 45624 | B47: =TEXT(A47,"mmm-yy") -> Nov-24 | C47: 72 | D47: GV3 Power PCB | E47: 100 | G47: =SUM(E47:F47) -> 100 | H47: Mayuri
A48: 45624 | B48: =TEXT(A48,"mmm-yy") -> Nov-24 | D48: GV2 Remote Main PCB | E48: 92 | G48: =SUM(E48:F48) -> 92 | H48: Vijay kumar
A49: 45624 | B49: =TEXT(A49,"mmm-yy") -> Nov-24 | C49: 72 | D49: GV3 Power PCB | E49: 409 | F49: 8 | G49: =SUM(E49:F49) -> 417 | H49: Vijay kumar
A50: 45625 | B50: =TEXT(A50,"mmm-yy") -> Nov-24 | D50: GV2 Remote Main PCB | E50: 110 | G50: =SUM(E50:F50) -> 110 | H50: Vijay kumar
A51: 45626 | B51: =TEXT(A51,"mmm-yy") -> Nov-24 | D51: GV2 Remote Main PCB | E51: 77 | G51: =SUM(E51:F51) -> 77 | H51: Vijay kumar
A52: 45626 | B52: =TEXT(A52,"mmm-yy") -> Nov-24 | C52: 72 | D52: GV2 Remote Main PCB | E52: 109 | G52: =SUM(E52:F52) -> 109 | H52: Vijay kumar
A53: 45629 | B53: =TEXT(A53,"mmm-yy") -> Dec-24 | D53: GV2 Remote Main PCB | E53: 152 | G53: =SUM(E53:F53) -> 152 | H53: Vijay kumar
A54: 45630 | B54: =TEXT(A54,"mmm-yy") -> Dec-24 | D54: GV3 Digital PCB | E54: 23 | G54: =SUM(E54:F54) -> 23 | H54: Vijay kumar
A55: 45630 | B55: =TEXT(A55,"mmm-yy") -> Dec-24 | D55: GV2 Remote Main PCB | E55: 214 | G55: =SUM(E55:F55) -> 214 | H55: Vijay kumar
A56: 45630 | B56: =TEXT(A56,"mmm-yy") -> Dec-24 | C56: 72 | D56: GV3 Power PCB | E56: 51 | G56: =SUM(E56:F56) -> 51 | H56: Vijay kumar
A57: 45630 | B57: =TEXT(A57,"mmm-yy") -> Dec-24 | C57: 73 | D57: GV3 Digital PCB | E57: 67 | G57: =SUM(E57:F57) -> 67 | H57: Vijay kumar
A58: 45630 | B58: =TEXT(A58,"mmm-yy") -> Dec-24 | C58: 73 | D58: GV3 Power PCB | E58: 157 | G58: =SUM(E58:F58) -> 157 | H58: Vijay kumar
A59: 45631 | B59: =TEXT(A59,"mmm-yy") -> Dec-24 | C59: 73 | D59: GV3 Power PCB | E59: 72 | G59: =SUM(E59:F59) -> 72 | H59: Vijay kumar
A60: 45631 | B60: =TEXT(A60,"mmm-yy") -> Dec-24 | D60: GV2 Remote Main PCB | E60: 132 | G60: =SUM(E60:F60) -> 132 | H60: Vijay kumar
A61: 45632 | B61: =TEXT(A61,"mmm-yy") -> Dec-24 | C61: 73 | D61: GV3 Power PCB | E61: 120 | G61: =SUM(E61:F61) -> 120 | H61: Rahul gupta
A62: 45635 | B62: =TEXT(A62,"mmm-yy") -> Dec-24 | D62: GV2 Remote Main PCB | E62: 292 | G62: =SUM(E62:F62) -> 292 | H62: Vijay kumar
A63: 45635 | B63: =TEXT(A63,"mmm-yy") -> Dec-24 | D63: GV4 Alpha Regulator PCB | E63: 11 | G63: =SUM(E63:F63) -> 11 | H63: Vijay kumar
A64: 45635 | B64: =TEXT(A64,"mmm-yy") -> Dec-24 | D64: GV4 Ozeo Remote PCB | E64: 2 | G64: =SUM(E64:F64) -> 2 | H64: Vijay kumar
A65: 45635 | B65: =TEXT(A65,"mmm-yy") -> Dec-24 | D65: GV4 Studio+ Remote PCB | E65: 1 | G65: =SUM(E65:F65) -> 1 | H65: Vijay kumar
A66: 45636 | B66: =TEXT(A66,"mmm-yy") -> Dec-24 | D66: GV2 Remote Main PCB | E66: 253 | F66: 4 | G66: =SUM(E66:F66) -> 257 | H66: Vijay kumar
A67: 45636 | B67: =TEXT(A67,"mmm-yy") -> Dec-24 | D67: GV2 Remote Main PCB | E67: 98 | G67: =SUM(E67:F67) -> 98 | H67: Dadasaheb
A68: 45637 | B68: =TEXT(A68,"mmm-yy") -> Dec-24 | D68: GV2 Remote Main PCB | E68: 86 | G68: =SUM(E68:F68) -> 86 | H68: Vijay kumar
A69: 45638 | B69: =TEXT(A69,"mmm-yy") -> Dec-24 | D69: GV2 Remote Main PCB | E69: 325 | G69: =SUM(E69:F69) -> 325 | H69: Dadasaheb
A70: 45639 | B70: =TEXT(A70,"mmm-yy") -> Dec-24 | D70: GV2 Remote Main PCB | E70: 124 | G70: =SUM(E70:F70) -> 124 | H70: Rahul gupta
A71: 45639 | B71: =TEXT(A71,"mmm-yy") -> Dec-24 | C71: 74 | D71: GV3 Digital PCB | E71: 140 | G71: =SUM(E71:F71) -> 140 | H71: Rahul gupta
A72: 45639 | B72: =TEXT(A72,"mmm-yy") -> Dec-24 | C72: 74 | D72: GV3 Digital PCB | E72: 128 | G72: =SUM(E72:F72) -> 128 | H72: Dadasaheb
A73: 45639 | B73: =TEXT(A73,"mmm-yy") -> Dec-24 | C73: 74 | D73: GV2 Remote Main PCB | E73: 268 | G73: =SUM(E73:F73) -> 268 | H73: Dadasaheb
A74: 45643 | B74: =TEXT(A74,"mmm-yy") -> Dec-24 | D74: GV2 Remote Main PCB | E74: 178 | G74: =SUM(E74:F74) -> 178 | H74: Dadasaheb
A75: 45643 | B75: =TEXT(A75,"mmm-yy") -> Dec-24 | D75: GV2 Remote Main PCB | E75: 244 | G75: =SUM(E75:F75) -> 244 | H75: Mayuri
A76: 45647 | B76: =TEXT(A76,"mmm-yy") -> Dec-24 | D76: GV3 Power PCB | E76: 410 | G76: =SUM(E76:F76) -> 410 | H76: Dadasaheb
A77: 45650 | B77: =TEXT(A77,"mmm-yy") -> Dec-24 | D77: GV3 Power PCB | E77: 98 | G77: =SUM(E77:F77) -> 98 | H77: Dadasaheb
A78: 45650 | B78: =TEXT(A78,"mmm-yy") -> Dec-24 | D78: GV3 Digital PCB | E78: 240 | G78: =SUM(E78:F78) -> 240 | H78: Dadasaheb
A79: 45652 | B79: =TEXT(A79,"mmm-yy") -> Dec-24 | D79: GV4 Alpha Regulator PCB | E79: 110 | G79: =SUM(E79:F79) -> 110 | H79: Rahul gupta
A80: 45652 | B80: =TEXT(A80,"mmm-yy") -> Dec-24 | D80: GV4 Alpha Regulator PCB | E80: 230 | G80: =SUM(E80:F80) -> 230 | H80: Dadasaheb
A81: 45653 | B81: =TEXT(A81,"mmm-yy") -> Dec-24 | D81: GV4 Alpha Regulator PCB | E81: 203 | G81: =SUM(E81:F81) -> 203 | H81: Rahul gupta
A82: 45656 | B82: =TEXT(A82,"mmm-yy") -> Dec-24 | D82: GV3 Power PCB | E82: 300 | G82: =SUM(E82:F82) -> 300 | H82: Prajkta Sutar
A83: 45656 | B83: =TEXT(A83,"mmm-yy") -> Dec-24 | D83: GV3 Digital PCB | E83: 100 | G83: =SUM(E83:F83) -> 100 | H83: Prajkta Sutar
A84: 45656 | B84: =TEXT(A84,"mmm-yy") -> Dec-24 | D84: GV3 Power PCB | E84: 204 | G84: =SUM(E84:F84) -> 204 | H84: Rahul gupta
A85: 45657 | B85: =TEXT(A85,"mmm-yy") -> Dec-24 | D85: GV3 Digital PCB | E85: 417 | G85: =SUM(E85:F85) -> 417 | H85: Dadasaheb
... A88: 45660 | B88: =TEXT(A88,"mmm-yy") -> Jan-25 | D88: GV2 Remote Main PCB | E88: 60 | G88: =SUM(E88:F88) -> 60 | H88: Dadasaheb
A89: 45663 | B89: =TEXT(A89,"mmm-yy") -> Jan-25 | C89: 75/76 | D89: GV4 Studio+ Remote PCB | E89: 40 | G89: =SUM(E89:F89) -> 40 | H89: Dadasaheb
A90: 45663 | B90: =TEXT(A90,"mmm-yy") -> Jan-25 | C90: 75/76 | D90: GV2 Remote Main PCB | E90: 50 | G90: =SUM(E90:F90) -> 50 | H90: Dadasaheb
A91: 45663 | B91: =TEXT(A91,"mmm-yy") -> Jan-25 | C91: 75/76 | D91: GV3 Digital PCB | E91: 281 | G91: =SUM(E91:F91) -> 281 | H91: Dadasaheb
A92: 45665 | B92: =TEXT(A92,"mmm-yy") -> Jan-25 | C92: 75/76 | D92: GV2 Remote Main PCB | E92: 121 | G92: =SUM(E92:F92) -> 121 | H92: Dadasaheb
A93: 45665 | B93: =TEXT(A93,"mmm-yy") -> Jan-25 | C93: 75/76 | D93: GV3 Digital PCB | E93: 67 | G93: =SUM(E93:F93) -> 67 | H93: Dadasaheb
A94: 45665 | B94: =TEXT(A94,"mmm-yy") -> Jan-25 | C94: 75/76 | D94: GV3 Power PCB | E94: 76 | G94: =SUM(E94:F94) -> 76 | H94: Dadasaheb
A95: 45665 | B95: =TEXT(A95,"mmm-yy") -> Jan-25 | C95: 75/76 | D95: GV3 Power PCB | E95: 200 | F95: 2 | G95: =SUM(E95:F95) -> 202 | H95: Mayuri
A96: 45666 | B96: =TEXT(A96,"mmm-yy") -> Jan-25 | D96: GV2 Remote Main PCB | E96: 73 | F96: 4 | G96: =SUM(E96:F96) -> 77 | H96: Mayuri
A97: 45667 | B97: =TEXT(A97,"mmm-yy") -> Jan-25 | D97: GV4 Alpha Regulator PCB | E97: 125 | F97: 4 | G97: =SUM(E97:F97) -> 129 | H97: Mayuri
A98: 45667 | B98: =TEXT(A98,"mmm-yy") -> Jan-25 | D98: GV2 Remote Main PCB | E98: 80 | F98: 2 | G98: =SUM(E98:F98) -> 82 | H98: Mayuri
A99: 45667 | B99: =TEXT(A99,"mmm-yy") -> Jan-25 | D99: GV3 Power PCB | E99: 55 | G99: =SUM(E99:F99) -> 55 | H99: Mayuri
A100: 45667 | B100: =TEXT(A100,"mmm-yy") -> Jan-25 | D100: GV4 Studio+ Remote PCB | E100: 151 | G100: =SUM(E100:F100) -> 151 | H100: Mayuri
A101: 45668 | B101: =TEXT(A101,"mmm-yy") -> Jan-25 | D101: GV4 Studio+ Remote PCB | E101: 158 | G101: =SUM(E101:F101) -> 158 | H101: Dadasaheb
A102: 45668 | B102: =TEXT(A102,"mmm-yy") -> Jan-25 | D102: GV3 Power PCB | E102: 112 | G102: =SUM(E102:F102) -> 112 | H102: Dadasaheb
A103: 45671 | B103: =TEXT(A103,"mmm-yy") -> Jan-25 | D103: GV2 Remote Main PCB | E103: 150 | F103: 2 | G103: =SUM(E103:F103) -> 152 | H103: Mayuri
A104: 45671 | B104: =TEXT(A104,"mmm-yy") -> Jan-25 | D104: GV4 Ozeo Remote PCB | E104: 36 | G104: =SUM(E104:F104) -> 36 | H104: Mayuri
A105: 45672 | B105: =TEXT(A105,"mmm-yy") -> Jan-25 | D105: GV2 Remote Main PCB | E105: 295 | G105: =SUM(E105:F105) -> 295 | H105: Dadasaheb
A106: 45674 | B106: =TEXT(A106,"mmm-yy") -> Jan-25 | D106: GV2 Remote Main PCB | E106: 102 | G106: =SUM(E106:F106) -> 102 | H106: Dadasaheb
A107: 45674 | B107: =TEXT(A107,"mmm-yy") -> Jan-25 | D107: GV3 Power PCB | E107: 101 | G107: =SUM(E107:F107) -> 101 | H107: Dadasaheb
A108: 45675 | B108: =TEXT(A108,"mmm-yy") -> Jan-25 | D108: GV3 Power PCB | E108: 280 | G108: =SUM(E108:F108) -> 280 | H108: Mayuri | I108: prajkta
A109: 45675 | B109: =TEXT(A109,"mmm-yy") -> Jan-25 | D109: GV2 Remote Main PCB | E109: 155 | G109: =SUM(E109:F109) -> 155 | H109: Dadasaheb
A110: 45675 | B110: =TEXT(A110,"mmm-yy") -> Jan-25 | D110: GV4 Studio+ Remote PCB | E110: 45 | G110: =SUM(E110:F110) -> 45 | H110: Dadasaheb
A111: 45677 | B111: =TEXT(A111,"mmm-yy") -> Jan-25 | D111: GV3 Power PCB | E111: 248 | G111: =SUM(E111:F111) -> 248 | H111: Dadasaheb
A112: 45677 | B112: =TEXT(A112,"mmm-yy") -> Jan-25 | D112: GV3 Power PCB | E112: 360 | F112: 5 | G112: =SUM(E112:F112) -> 365 | H112: Mayuri
...

Sheet Step8_QC_After_Cleaning
A1: Date | B1: Month | C1: In_Lot | D1: PCB Type | E1: Quantity Passed | F1: Quantity Failed | G1: Total Quantity | H1: Operator Name | I1: Remark
A2: 45600 | B2: =TEXT(A2,"mmm-yy") -> Nov-24 | D2: GV2 Remote Main PCB | E2: 400 | F2: 20 | G2: =SUM(E2:F2) -> 420 | H2: Prajkta Sutar
A3: 45602 | B3: =TEXT(A3,"mmm-yy") -> Nov-24 | D3: GV2 Remote Main PCB | E3: 532 | F3: 58 | G3: =SUM(E3:F3) -> 590 | H3: Amit ghabale
A4: 45602 | B4: =TEXT(A4,"mmm-yy") -> Nov-24 | D4: GV4 Studio+ Remote PCB | E4: 200 | F4: 35 | G4: =SUM(E4:F4) -> 235 | H4: Amit ghabale
A5: 45602 | B5: =TEXT(A5,"mmm-yy") -> Nov-24 | D5: GV3 Digital PCB | E5: 68 | F5: 7 | G5: =SUM(E5:F5) -> 75 | H5: Amit ghabale
A6: 45603 | B6: =TEXT(A6,"mmm-yy") -> Nov-24 | D6: GV2 Remote Main PCB | E6: 371 | F6: 65 | G6: =SUM(E6:F6) -> 436 | H6: Amit ghabale
A7: 45603 | B7: =TEXT(A7,"mmm-yy") -> Nov-24 | D7: GV3 Digital PCB | E7: 235 | F7: 25 | G7: =SUM(E7:F7) -> 260 | H7: Amit ghabale
A8: 45603 | B8: =TEXT(A8,"mmm-yy") -> Nov-24 | D8: GV4 Studio+ Remote PCB | E8: 30 | F8: 35 | G8: =SUM(E8:F8) -> 65 | H8: Amit ghabale
A9: 45607 | B9: =TEXT(A9,"mmm-yy") -> Nov-24 | D9: GV2 Remote Main PCB | E9: 364 | F9: 20 | G9: =SUM(E9:F9) -> 384 | H9: Prajkta Sutar
A10: 45607 | B10: =TEXT(A10,"mmm-yy") -> Nov-24 | D10: GV3 Digital PCB | E10: 374 | F10: 21 | G10: =SUM(E10:F10) -> 395 | H10: Prajkta Sutar
A11: 45607 | B11: =TEXT(A11,"mmm-yy") -> Nov-24 | D11: GV4 Studio+ Remote PCB | E11: 254 | F11: 20 | G11: =SUM(E11:F11) -> 274 | H11: Prajkta Sutar
A12: 45608 | B12: =TEXT(A12,"mmm-yy") -> Nov-24 | D12: GV4 Alpha Regulator PCB | E12: 322 | F12: 39 | G12: =SUM(E12:F12) -> 361 | H12: Prajkta Sutar
A13: 45608 | B13: =TEXT(A13,"mmm-yy") -> Nov-24 | D13: GV3 Digital PCB | E13: 100 | F13: 12 | G13: =SUM(E13:F13) -> 112 | H13: Prajkta Sutar
... A22: 45614 | B22: =TEXT(A22,"mmm-yy") -> Nov-24 | D22: GV3 Power PCB | E22: 165 | F22: 11 | G22: =SUM(E22:F22) -> 176 | H22: Prajkta Sutar
A23: 45615 | B23: =TEXT(A23,"mmm-yy") -> Nov-24 | D23: GV3 Power PCB | E23: 193 | G23: =SUM(E23:F23) -> 193 | H23: Prajkta Sutar
A24: 45615 | B24: =TEXT(A24,"mmm-yy") -> Nov-24 | D24: GV3 Power PCB | E24: 315 | G24: =SUM(E24:F24) -> 315 | H24: Prajkta Sutar
A25: 45619 | B25: =TEXT(A25,"mmm-yy") -> Nov-24 | D25: GV2 Regulator | E25: 36 | G25: =SUM(E25:F25) -> 36 | H25: Prajkta Sutar
A26: 45619 | B26: =TEXT(A26,"mmm-yy") -> Nov-24 | D26: GV2 Remote Main PCB | E26: 314 | F26: 8 | G26: =SUM(E26:F26) -> 322 | H26: Prajkta Sutar
A27: 45619 | B27: =TEXT(A27,"mmm-yy") -> Nov-24 | D27: GV3 Digital PCB | E27: 182 | F27: 10 | G27: =SUM(E27:F27) -> 192 | H27: Prajkta Sutar
A28: 45622 | B28: =TEXT(A28,"mmm-yy") -> Nov-24 | G28: =SUM(E28:F28) -> 0 | H28: Prajkta Sutar | I28: Lora PCB QC ok = 200
A29: 45622 | B29: =TEXT(A29,"mmm-yy") -> Nov-24 | D29: GV2 Remote Main PCB | E29: 30 | F29: 3 | G29: =SUM(E29:F29) -> 33 | H29: Prajkta Sutar
A30: 45623 | B30: =TEXT(A30,"mmm-yy") -> Nov-24 | D30: GV2 Remote Main PCB | E30: 499 | F30: 49 | G30: =SUM(E30:F30) -> 548 | H30: Prajkta Sutar
A31: 45623 | B31: =TEXT(A31,"mmm-yy") -> Nov-24 | D31: GV3 Digital PCB | E31: 130 | F31: 10 | G31: =SUM(E31:F31) -> 140 | H31: Prajkta Sutar
A32: 45623 | B32: =TEXT(A32,"mmm-yy") -> Nov-24 | C32: 72 | D32: GV3 Digital PCB | E32: 56 | G32: =SUM(E32:F32) -> 56 | H32: Prajkta Sutar
A33: 45624 | B33: =TEXT(A33,"mmm-yy") -> Nov-24 | D33: GV3 Power PCB | E33: 400 | F33: 5 | G33: =SUM(E33:F33) -> 405 | H33: Prajkta Sutar
A34: 45624 | B34: =TEXT(A34,"mmm-yy") -> Nov-24 | C34: 72 | D34: GV3 Power PCB | E34: 87 | F34: 9 | G34: =SUM(E34:F34) -> 96 | H34: Prajkta Sutar
A35: 45624 | B35: =TEXT(A35,"mmm-yy") -> Nov-24 | C35: 72 | D35: GV2 Remote Main PCB | E35: 53 | F35: 9 | G35: =SUM(E35:F35) -> 62 | H35: Prajkta Sutar
A36: 45628 | B36: =TEXT(A36,"mmm-yy") -> Dec-24 | D36: GV2 Remote Main PCB | E36: 200 | F36: 9 | G36: =SUM(E36:F36) -> 209 | H36: Amit ghabale
A37: 45628 | B37: =TEXT(A37,"mmm-yy") -> Dec-24 | D37: GV3 Digital PCB | E37: 390 | F37: 10 | G37: =SUM(E37:F37) -> 400 | H37: Prajkta Sutar
A38: 45630 | B38: =TEXT(A38,"mmm-yy") -> Dec-24 | D38: GV3 Power PCB | E38: 140 | F38: 3 | G38: =SUM(E38:F38) -> 143 | H38: Prajkta Sutar
A39: 45630 | B39: =TEXT(A39,"mmm-yy") -> Dec-24 | D39: GV2 Remote Main PCB | E39: 295 | F39: 69 | G39: =SUM(E39:F39) -> 364 | H39: Prajkta Sutar
A40: 45630 | B40: =TEXT(A40,"mmm-yy") -> Dec-24 | C40: 73 | D40: GV2 Remote Main PCB | E40: 98 | G40: =SUM(E40:F40) -> 98 | H40: Prajkta Sutar
A41: 45631 | B41: =TEXT(A41,"mmm-yy") -> Dec-24 | C41: 73 | D41: GV2 Remote Main PCB | E41: 225 | F41: 4 | G41: =SUM(E41:F41) -> 229 | H41: Akash prasad
A42: 45631 | B42: =TEXT(A42,"mmm-yy") -> Dec-24 | C42: 73 | D42: GV2 Remote Main PCB | E42: 283 | F42: 3 | G42: =SUM(E42:F42) -> 286 | H42: Akash prasad
A43: 45631 | B43: =TEXT(A43,"mmm-yy") -> Dec-24 | C43: 73 | D43: GV2 Remote Main PCB | E43: 105 | F43: 2 | G43: =SUM(E43:F43) -> 107 | H43: Akash prasad
A44: 45631 | B44: =TEXT(A44,"mmm-yy") -> Dec-24 | D44: GV3 Digital PCB | E44: 173 | F44: 15 | G44: =SUM(E44:F44) -> 188 | H44: Prajkta Sutar
A45: 45631 | B45: =TEXT(A45,"mmm-yy") -> Dec-24 | D45: GV3 Power PCB | E45: 81 | F45: 3 | G45: =SUM(E45:F45) -> 84 | H45: Prajkta Sutar
A46: 45632 | B46: =TEXT(A46,"mmm-yy") -> Dec-24 | C46: 73 | D46: GV3 Power PCB | E46: 600 | F46: 10 | G46: =SUM(E46:F46) -> 610 | H46: Akash prasad
A47: 45632 | B47: =TEXT(A47,"mmm-yy") -> Dec-24 | C47: 73 | D47: GV4 Studio+ Remote PCB | E47: 85 | G47: =SUM(E47:F47) -> 85 | H47: Akash prasad
A48: 45632 | B48: =TEXT(A48,"mmm-yy") -> Dec-24 | C48: 73 | D48: GV4 Ozeo Remote PCB | E48: 71 | F48: 3 | G48: =SUM(E48:F48) -> 74 | H48: Akash prasad
A49: 45633 | B49: =TEXT(A49,"mmm-yy") -> Dec-24 | D49: GV2 Remote Main PCB | E49: 160 | F49: 18 | G49: =SUM(E49:F49) -> 178 | H49: Akash prasad
A50: 45633 | B50: =TEXT(A50,"mmm-yy") -> Dec-24 | D50: GV4 Alpha Regulator PCB | E50: 252 | F50: 9 | G50: =SUM(E50:F50) -> 261 | H50: Prajkta Sutar
A51: 45637 | B51: =TEXT(A51,"mmm-yy") -> Dec-24 | D51: GV2 Remote Main PCB | E51: 631 | F51: 41 | G51: =SUM(E51:F51) -> 672 | H51: Prajkta Sutar
A52: 45637 | B52: =TEXT(A52,"mmm-yy") -> Dec-24 | D52: GV4 Alpha Regulator PCB | E52: 14 | G52: =SUM(E52:F52) -> 14 | H52: Prajkta Sutar
A53: 45639 | B53: =TEXT(A53,"mmm-yy") -> Dec-24 | D53: GV3 Digital PCB | E53: 265 | F53: 6 | G53: =SUM(E53:F53) -> 271 | H53: Amit ghabale
A54: 45639 | B54: =TEXT(A54,"mmm-yy") -> Dec-24 | D54: GV2 Remote Main PCB | E54: 661 | F54: 15 | G54: =SUM(E54:F54) -> 676 | H54: Amit ghabale
A55: 45642 | B55: =TEXT(A55,"mmm-yy") -> Dec-24 | D55: GV2 Remote Main PCB | E55: 108 | F55: 5 | G55: =SUM(E55:F55) -> 113 | H55: Prajkta Sutar
A56: 45642 | B56: =TEXT(A56,"mmm-yy") -> Dec-24 | D56: GV3 Digital PCB | E56: 85 | F56: 4 | G56: =SUM(E56:F56) -> 89 | H56: Prajkta Sutar
A57: 45643 | B57: =TEXT(A57,"mmm-yy") -> Dec-24 | D57: GV2 Remote Main PCB | E57: 288 | F57: 7 | G57: =SUM(E57:F57) -> 295 | H57: Prajkta Sutar
A58: 45643 | B58: =TEXT(A58,"mmm-yy") -> Dec-24 | D58: GV3 Power PCB | E58: 130 | F58: 40 | G58: =SUM(E58:F58) -> 170 | H58: Prajkta Sutar
A59: 45647 | B59: =TEXT(A59,"mmm-yy") -> Dec-24 | D59: GV3 Power PCB | E59: 700 | F59: 13 | G59: =SUM(E59:F59) -> 713 | H59: Prajkta Sutar
A60: 45647 | B60: =TEXT(A60,"mmm-yy") -> Dec-24 | D60: GV2 Remote Main PCB | E60: 70 | F60: 3 | G60: =SUM(E60:F60) -> 73 | H60: Prajkta Sutar
A61: 45649 | B61: =TEXT(A61,"mmm-yy") -> Dec-24 | C61: 74 | D61: GV3 Power PCB | E61: 730 | F61: 25 | G61: =SUM(E61:F61) -> 755 | H61: Akash prasad
A62: 45652 | B62: =TEXT(A62,"mmm-yy") -> Dec-24 | D62: GV3 Digital PCB | E62: 230 | F62: 10 | G62: =SUM(E62:F62) -> 240 | H62: Akash prasad
A63: 45652 | B63: =TEXT(A63,"mmm-yy") -> Dec-24 | D63: GV4 Alpha Regulator PCB | E63: 102 | G63: =SUM(E63:F63) -> 102 | H63: Akash prasad
A64: 45652 | B64: =TEXT(A64,"mmm-yy") -> Dec-24 | D64: GV4 Studio+ Remote PCB | E64: 54 | G64: =SUM(E64:F64) -> 54 | H64: Akash prasad
A65: 45652 | B65: =TEXT(A65,"mmm-yy") -> Dec-24 | D65: GV4 Ozeo Remote PCB | E65: 52 | G65: =SUM(E65:F65) -> 52 | H65: Akash prasad
A66: 45654 | B66: =TEXT(A66,"mmm-yy") -> Dec-24 | D66: GV4 Alpha Regulator PCB | E66: 306 | F66: 10 | G66: =SUM(E66:F66) -> 316 | H66: Prajkta Sutar
A67: 45654 | B67: =TEXT(A67,"mmm-yy") -> Dec-24 | D67: GV4 Studio+ Remote PCB | E67: 44 | G67: =SUM(E67:F67) -> 44 | H67: Prajkta Sutar
A68: 45656 | B68: =TEXT(A68,"mmm-yy") -> Dec-24 | D68: GV2 Remote Main PCB | E68: 300 | F68: 35 | G68: =SUM(E68:F68) -> 335 | H68: Prajkta Sutar
A69: 45657 | B69: =TEXT(A69,"mmm-yy") -> Dec-24 | D69: GV3 Digital PCB | E69: 780 | F69: 8 | G69: =SUM(E69:F69) -> 788 | H69: Prajkta Sutar
A70: 45657 | B70: =TEXT(A70,"mmm-yy") -> Dec-24 | D70: GV3 Power PCB | E70: 154 | G70: =SUM(E70:F70) -> 154 | H70: Prajkta Sutar
A71: 45660 | B71: =TEXT(A71,"mmm-yy") -> Jan-25 | D71: GV3 Digital PCB | E71: 85 | G71: =SUM(E71:F71) -> 85 | H71: Prajkta Sutar
A72: 45660 | B72: =TEXT(A72,"mmm-yy") -> Jan-25 | D72: GV3 Power PCB | E72: 300 | F72: 3 | G72: =SUM(E72:F72) -> 303 | H72: Prajkta Sutar
A73: 45661 | B73: =TEXT(A73,"mmm-yy") -> Jan-25 | D73: GV3 Power PCB | E73: 295 | F73: 4 | G73: =SUM(E73:F73) -> 299 | H73: Prajkta Sutar
A74: 45661 | B74: =TEXT(A74,"mmm-yy") -> Jan-25 | D74: GV2 Remote Main PCB | E74: 175 | F74: 6 | G74: =SUM(E74:F74) -> 181 | H74: Prajkta Sutar
A75: 45661 | B75: =TEXT(A75,"mmm-yy") -> Jan-25 | D75: GV4 Alpha Regulator PCB | E75: 166 | G75: =SUM(E75:F75) -> 166 | H75: Prajkta Sutar
A76: 45661 | B76: =TEXT(A76,"mmm-yy") -> Jan-25 | C76: 75/76 | D76: GV2 Remote Main PCB | E76: 530 | G76: =SUM(E76:F76) -> 530 | H76: Akash prasad
A77: 45661 | B77: =TEXT(A77,"mmm-yy") -> Jan-25 | C77: 75/76 | D77: GV2 Remote Main PCB | E77: 160 | G77: =SUM(E77:F77) -> 160 | H77: Akash prasad
A78: 45663 | B78: =TEXT(A78,"mmm-yy") -> Jan-25 | D78: GV2 Remote Main PCB | E78: 293 | F78: 13 | G78: =SUM(E78:F78) -> 306 | H78: Prajkta Sutar
A79: 45663 | B79: =TEXT(A79,"mmm-yy") -> Jan-25 | D79: GV4 Studio+ Remote PCB | E79: 68 | F79: 2 | G79: =SUM(E79:F79) -> 70 | H79: Prajkta Sutar
A80: 45663 | B80: =TEXT(A80,"mmm-yy") -> Jan-25 | D80: GV3 Digital PCB | E80: 200 | G80: =SUM(E80:F80) -> 200 | H80: Prajkta Sutar
A81: 45664 | B81: =TEXT(A81,"mmm-yy") -> Jan-25 | D81: GV3 Digital PCB | E81: 80 | G81: =SUM(E81:F81) -> 80 | H81: Prajkta Sutar
A82: 45664 | B82: =TEXT(A82,"mmm-yy") -> Jan-25 | D82: GV4 Alpha Regulator PCB | E82: 162 | G82: =SUM(E82:F82) -> 162 | H82: Prajkta Sutar
A83: 45665 | B83: =TEXT(A83,"mmm-yy") -> Jan-25 | D83: GV3 Power PCB | E83: 200 | G83: =SUM(E83:F83) -> 200 | H83: Prajkta Sutar
A84: 45665 | B84: =TEXT(A84,"mmm-yy") -> Jan-25 | D84: GV3 Digital PCB | E84: 64 | F84: 4 | G84: =SUM(E84:F84) -> 68 | H84: Prajkta Sutar
A85: 45667 | B85: =TEXT(A85,"mmm-yy") -> Jan-25 | D85: GV4 Alpha Regulator PCB | E85: 135 | G85: =SUM(E85:F85) -> 135 | H85: Amit ghabale
A86: 45667 | B86: =TEXT(A86,"mmm-yy") -> Jan-25 | D86: GV4 Studio+ Remote PCB | E86: 55 | F86: 9 | G86: =SUM(E86:F86) -> 64 | H86: Amit ghabale
A87: 45668 | B87: =TEXT(A87,"mmm-yy") -> Jan-25 | D87: GV4 Alpha Regulator PCB | E87: 92 | F87: 3 | G87: =SUM(E87:F87) -> 95 | H87: Amit ghabale
A88: 45670 | B88: =TEXT(A88,"mmm-yy") -> Jan-25 | D88: GV4 Alpha Regulator PCB | E88: 96 | G88: =SUM(E88:F88) -> 96 | H88: Prajkta Sutar
A89: 45670 | B89: =TEXT(A89,"mmm-yy") -> Jan-25 | D89: GV4 Studio+ Remote PCB | E89: 210 | F89: 5 | G89: =SUM(E89:F89) -> 215 | H89: Prajkta Sutar
A90: 45670 | B90: =TEXT(A90,"mmm-yy") -> Jan-25 | D90: GV2 Remote Main PCB | E90: 79 | G90: =SUM(E90:F90) -> 79 | H90: Prajkta Sutar
A91: 45672 | B91: =TEXT(A91,"mmm-yy") -> Jan-25 | D91: GV2 Remote Main PCB | E91: 255 | F91: 10 | G91: =SUM(E91:F91) -> 265 | H91: Prajkta Sutar
A92: 45672 | B92: =TEXT(A92,"mmm-yy") -> Jan-25 | D92: GV3 Digital PCB | E92: 400 | F92: 5 | G92: =SUM(E92:F92) -> 405 | H92: Prajkta Sutar
A93: 45673 | B93: =TEXT(A93,"mmm-yy") -> Jan-25 | D93: GV3 Digital PCB | E93: 100 | G93: =SUM(E93:F93) -> 100 | H93: Prajkta Sutar | I93: mayuri and dadasaheb
A94: 45677 | B94: =TEXT(A94,"mmm-yy") -> Jan-25 | D94: GV3 Digital PCB | E94: 87 | F94: 3 | G94: =SUM(E94:F94) -> 90 | H94: Prajkta Sutar | I94: amit g
A95: 45677 | B95: =TEXT(A95,"mmm-yy") -> Jan-25 | D95: GV2 Remote Main PCB | E95: 42 | F95: 4 | G95: =SUM(E95:F95) -> 46 | H95: Amit ghabale | I95: prajkta
A96: 45677 | B96: =TEXT(A96,"mmm-yy") -> Jan-25 | D96: GV2 Remote Main PCB | E96: 167 | F96: 5 | G96: =SUM(E96:F96) -> 172 | H96: Amit ghabale | I96: prajkta
A97: 45677 | B97: =TEXT(A97,"mmm-yy") -> Jan-25 | D97: GV4 Studio+ Remote PCB | E97: 70 | F97: 2 | G97: =SUM(E97:F97) -> 72 | H97: Prajkta Sutar | I97: amit g
A98: 45677 | B98: =TEXT(A98,"mmm-yy") -> Jan-25 | D98: GV4 Alpha Regulator PCB | E98: 68 | F98: 10 | G98: =SUM(E98:F98) -> 78 | H98: Prajkta Sutar | I98: amit g
A99: 45677 | B99: =TEXT(A99,"mmm-yy") -> Jan-25 | D99: GV3 Power PCB | E99: 324 | F99: 5 | G99: =SUM(E99:F99) -> 329 | H99: Prajkta Sutar | I99: amit g
A100: 45680 | B100: =TEXT(A100,"mmm-yy") -> Jan-25 | D100: GV2 Remote Main PCB | E100: 278 | F100: 10 | G100: =SUM(E100:F100) -> 288 | H100: Prajkta Sutar
A101: 45680 | B101: =TEXT(A101,"mmm-yy") -> Jan-25 | D101: GV2 Remote Main PCB | E101: 248 | F101: 16 | G101: =SUM(E101:F101) -> 264 | H101: Prajkta Sutar
A102: 45680 | B102: =TEXT(A102,"mmm-yy") -> Jan-25 | D102: GV3 Digital PCB | E102: 34 | F102: 3 | G102: =SUM(E102:F102) -> 37 | H102: Prajkta Sutar
A103: 45679 | B103: =TEXT(A103,"mmm-yy") -> Jan-25 | D103: GV2 Remote Main PCB | E103: 41 | F103: 18 | G103: =SUM(E103:F103) -> 59 | H103: Prajkta Sutar
A104: 45679 | B104: =TEXT(A104,"mmm-yy") -> Jan-25 | D104: GV4 Ozeo Remote PCB | E104: 114 | G104: =SUM(E104:F104) -> 114 | H104: Prajkta Sutar
A105: 45679 | B105: =TEXT(A105,"mmm-yy") -> Jan-25 | D105: GV3 Power PCB | E105: 119 | G105: =SUM(E105:F105) -> 119 | H105: Prajkta Sutar
A106: 45679 | B106: =TEXT(A106,"mmm-yy") -> Jan-25 | D106: GV4 Alpha Regulator PCB | E106: 69 | G106: =SUM(E106:F106) -> 69 | H106: Prajkta Sutar
A107: 45681 | B107: =TEXT(A107,"mmm-yy") -> Jan-25 | D107: GV3 Digital PCB | E107: 420 | F107: 20 | G107: =SUM(E107:F107) -> 440 | H107: Prajkta Sutar
A108: 45682 | B108: =TEXT(A108,"mmm-yy") -> Jan-25 | D108: GV3 Digital PCB | E108: 215 | F108: 20 | G108: =SUM(E108:F108) -> 235 | H108: Prajkta Sutar
...

Sheet Step9_Marking_Coating
A1: Date | B1: Month | C1: In_Lot | D1: PCB Type | E1: Quantity Marked & Coated | F1: Operator Name | G1: Remark
A2: 45600 | B2: =TEXT(A2,"mmm-yy") -> Nov-24 | D2: GV2 Remote Main PCB | E2: 450 | F2: Prajkta Sutar
A3: 45602 | B3: =TEXT(A3,"mmm-yy") -> Nov-24 | D3: GV2 Remote Main PCB | E3: 532 | F3: Amit ghabale
A4: 45602 | B4: =TEXT(A4,"mmm-yy") -> Nov-24 | D4: GV4 Studio+ Remote PCB | E4: 200 | F4: Amit ghabale
A5: 45602 | B5: =TEXT(A6,"mmm-yy") -> Nov-24 | D5: GV3 Digital PCB | E5: 68 | F5: Amit ghabale
A6: 45602 | B6: =TEXT(A7,"mmm-yy") -> Nov-24 | D6: GV2 Remote Main PCB | E6: 371 | F6: Amit ghabale
A7: 45602 | B7: =TEXT(A8,"mmm-yy") -> Nov-24 | D7: GV3 Digital PCB | E7: 235 | F7: Amit ghabale
A8: 45602 | B8: =TEXT(A9,"mmm-yy") -> Nov-24 | D8: GV4 Studio+ Remote PCB | E8: 30 | F8: Amit ghabale
A9: 45607 | B9: =TEXT(A10,"mmm-yy") -> Nov-24 | D9: GV4 Studio+ Remote PCB | E9: 880 | F9: Rahul gupta | G9: Gv2/Gv3/gv4
A10: 45608 | B10: =TEXT(A11,"mmm-yy") -> Nov-24 | D10: GV4 Alpha Regulator PCB | E10: 322 | F10: Rahul gupta
A11: 45608 | B11: =TEXT(A12,"mmm-yy") -> Nov-24 | D11: GV3 Digital PCB | E11: 100 | F11: Rahul gupta
A12: 45609 | B12: =TEXT(A12,"mmm-yy") -> Nov-24 | D12: GV3 Digital PCB | E12: 310 | F12: Mayuri
A13: 45609 | B13: =TEXT(A13,"mmm-yy") -> Nov-24 | D13: GV3 Digital PCB | E13: 315 | F13: Prajkta Sutar
A14: 45609 | B14: =TEXT(A14,"mmm-yy") -> Nov-24 | D14: GV4 Studio+ Remote PCB | E14: 54 | F14: Prajkta Sutar
A15: 45609 | B15: =TEXT(A15,"mmm-yy") -> Nov-24 | D15: GV4 Alpha Regulator PCB | E15: 63 | F15: Prajkta Sutar
A16: 45609 | B16: =TEXT(A16,"mmm-yy") -> Nov-24 | D16: GV4 Alpha Regulator PCB | E16: 140 | F16: Prajkta Sutar
A17: 45610 | B17: =TEXT(A17,"mmm-yy") -> Nov-24 | D17: GV2 Regulator | E17: 102 | F17: Prajkta Sutar
A18: 45610 | B18: =TEXT(A18,"mmm-yy") -> Nov-24 | D18: GV2 Remote Main PCB | E18: 123 | F18: Prajkta Sutar
A19: 45611 | B19: =TEXT(A19,"mmm-yy") -> Nov-24 | D19: GV3 Power PCB | E19: 600 | F19: Prajkta Sutar
A20: 45612 | B20: =TEXT(A20,"mmm-yy") -> Nov-24 | D20: GV3 Power PCB | E20: 352 | F20: Prajkta Sutar
A21: 45614 | B21: =TEXT(A21,"mmm-yy") -> Nov-24 | D21: GV3 Power PCB | E21: 150 | F21: Rahul gupta
A22: 45618 | B22: =TEXT(A22,"mmm-yy") -> Nov-24 | D22: GV2 Regulator | E22: 102 | F22: Vijay kumar
A23: 45619 | B23: =TEXT(A23,"mmm-yy") -> Nov-24 | D23: GV2 Regulator | E23: 496 | F23: Vijay kumar
... A32: 45671 | B32: =TEXT(A32,"mmm-yy") -> Jan-25 | D32: GV2 Remote Main PCB | E32: 205 | F32: Prajkta Sutar
A33: 45677 | B33: =TEXT(A33,"mmm-yy") -> Jan-25 | D33: All pcb | E33: 758 | F33: Prajkta Sutar | G33: amit
A34: 45681 | B34: =TEXT(A34,"mmm-yy") -> Jan-25 | D34: GV3 Digital PCB | E34: 420 | F34: Prajkta Sutar

Sheet Step10_Final_Testing
A1: Date | B1: Month | C1: In_Lot | D1: PCB Type | E1: Quantity Passed | F1: Quantity Failed | G1: Total Quantity | H1: Operator Name | I1: Remark
A2: 45600 | B2: =TEXT(A2,"mmm-yy") -> Nov-24 | D2: GV2 Remote Main PCB | E2: 270 | F2: 25 | G2: =SUM(E2:F2) -> 295 | H2: Swarupa Vishwakarma
A3: 45600 | B3: =TEXT(A3,"mmm-yy") -> Nov-24 | D3: GV2 Remote Main PCB | E3: 280 | F3: 30 | G3: =SUM(E3:F3) -> 310 | H3: Amit ghabale
A4: 45601 | B4: =TEXT(A4,"mmm-yy") -> Nov-24 | D4: GV2 Remote Main PCB | E4: 290 | F4: 21 | G4: =SUM(E4:F4) -> 311 | H4: Poonam lokhande
A5: 45601 | B5: =TEXT(A5,"mmm-yy") -> Nov-24 | D5: GV2 Remote Main PCB | E5: 340 | F5: 23 | G5: =SUM(E5:F5) -> 363 | H5: Swarupa Vishwakarma
A6: 45602 | B6: =TEXT(A6,"mmm-yy") -> Nov-24 | D6: GV2 Remote Main PCB | E6: 320 | F6: 18 | G6: =SUM(E6:F6) -> 338 | H6: Poonam lokhande
A7: 45603 | B7: =TEXT(A7,"mmm-yy") -> Nov-24 | D7: GV2 Remote Main PCB | E7: 348 | F7: 16 | G7: =SUM(E7:F7) -> 364 | H7: Swarupa Vishwakarma
A8: 45603 | B8: =TEXT(A8,"mmm-yy") -> Nov-24 | D8: GV2 Remote Main PCB | E8: 300 | F8: 14 | G8: =SUM(E8:F8) -> 314 | H8: Poonam lokhande
A9: 45603 | B9: =TEXT(A9,"mmm-yy") -> Nov-24 | D9: GV4 Studio+ Remote PCB | E9: 253 | F9: 17 | G9: =SUM(E9:F9) -> 270 | H9: Prajkta Sutar
A10: 45604 | B10: =TEXT(A10,"mmm-yy") -> Nov-24 | D10: GV2 Remote Main PCB | E10: 360 | F10: 8 | G10: =SUM(E10:F10) -> 368 | H10: Swarupa Vishwakarma
A11: 45604 | B11: =TEXT(A11,"mmm-yy") -> Nov-24 | D11: GV3 Digital PCB | E11: 250 | F11: 12 | G11: =SUM(E11:F11) -> 262 | H11: Akash prasad
A12: 45605 | B12: =TEXT(A12,"mmm-yy") -> Nov-24 | D12: GV2 Remote Main PCB | E12: 171 | F12: 7 | G12: =SUM(E12:F12) -> 178 | H12: Swarupa Vishwakarma
A13: 45605 | B13: =TEXT(A13,"mmm-yy") -> Nov-24 | D13: GV2 Remote Main PCB | E13: 35 | G13: =SUM(E13:F13) -> 35 | H13: Poonam lokhande
A14: 45607 | B14: =TEXT(A14,"mmm-yy") -> Nov-24 | D14: GV2 Remote Main PCB | E14: 250 | F14: 200 | G14: =SUM(E14:F14) -> 450 | H14: Swarupa Vishwakarma
A15: 45608 | B15: =TEXT(A15,"mmm-yy") -> Nov-24 | D15: GV4 Alpha Regulator PCB | E15: 230 | F15: 4 | G15: =SUM(E15:F15) -> 234 | H15: Akash prasad
A16: 45608 | B16: =TEXT(A16,"mmm-yy") -> Nov-24 | D16: GV3 Digital PCB | E16: 210 | F16: 6 | G16: =SUM(E16:F16) -> 216 | H16: Poonam lokhande
A17: 45608 | B17: =TEXT(A17,"mmm-yy") -> Nov-24 | D17: GV2 Remote Main PCB | E17: 216 | F17: 10 | G17: =SUM(E17:F17) -> 226 | H17: Swarupa Vishwakarma
A18: 45609 | B18: =TEXT(A18,"mmm-yy") -> Nov-24 | D18: GV3 Digital PCB | E18: 405 | F18: 11 | G18: =SUM(E18:F18) -> 416 | H18: Poonam lokhande
A19: 45609 | B19: =TEXT(A19,"mmm-yy") -> Nov-24 | D19: GV4 Alpha Regulator PCB | E19: 380 | F19: 20 | G19: =SUM(E19:F19) -> 400 | H19: Swarupa Vishwakarma
A20: 45610 | B20: =TEXT(A20,"mmm-yy") -> Nov-24 | D20: GV3 Digital PCB | E20: 41 | F20: 0 | G20: =SUM(E20:F20) -> 41 | H20: Poonam lokhande
A21: 45610 | B21: =TEXT(A21,"mmm-yy") -> Nov-24 | D21: GV4 Alpha Regulator PCB | E21: 88 | F21: 9 | G21: =SUM(E21:F21) -> 97 | H21: Swarupa Vishwakarma
A22: 45610 | B22: =TEXT(A22,"mmm-yy") -> Nov-24 | D22: GV4 Studio+ Remote PCB | E22: 80 | F22: 11 | G22: =SUM(E22:F22) -> 91 | H22: Swarupa Vishwakarma
A23: 45610 | B23: =TEXT(A23,"mmm-yy") -> Nov-24 | D23: GV4 Ozeo Remote PCB | E23: 4 | F23: 1 | G23: =SUM(E23:F23) -> 5 | H23: Swarupa Vishwakarma
A24: 45610 | B24: =TEXT(A24,"mmm-yy") -> Nov-24 | D24: GV2 Remote Main PCB | E24: 153 | F24: 8 | G24: =SUM(E24:F24) -> 161 | H24: Swarupa Vishwakarma
A25: 45611 | B25: =TEXT(A25,"mmm-yy") -> Nov-24 | D25: GV2 Regulator | E25: 76 | G25: =SUM(E25:F25) -> 76 | H25: Swarupa Vishwakarma
A26: 45611 | B26: =TEXT(A26,"mmm-yy") -> Nov-24 | D26: GV2 Remote Main PCB | E26: 182 | F26: 5 | G26: =SUM(E26:F26) -> 187 | H26: Swarupa Vishwakarma
A27: 45611 | B27: =TEXT(A27,"mmm-yy") -> Nov-24 | D27: GV2 Remote Main PCB | E27: 31 | G27: =SUM(E27:F27) -> 31 | H27: Swarupa Vishwakarma | I27: Gv2 QC faulty Repairing testing ok
A28: 45611 | B28: =TEXT(A28,"mmm-yy") -> Nov-24 | D28: GV3 Power PCB | E28: 10 | G28: =SUM(E28:F28) -> 10 | H28: Swarupa Vishwakarma | I28: Gv3 powar pcb Repairing ok
A29: 45617 | B29: =TEXT(A29,"mmm-yy") -> Nov-24 | D29: GV3 Digital PCB | E29: 190 | F29: 2 | G29: =SUM(E29:F29) -> 192 | H29: Akash prasad
A30: 45617 | B30: =TEXT(A30,"mmm-yy") -> Nov-24 | D30: GV3 Power PCB | E30: 300 | F30: 2 | G30: =SUM(E30:F30) -> 302 | H30: Akash prasad
A31: 45617 | B31: =TEXT(A31,"mmm-yy") -> Nov-24 | D31: GV3 Power PCB | E31: 612 | F31: 5 | G31: =SUM(E31:F31) -> 617 | H31: Poonam lokhande
A32: 45617 | B32: =TEXT(A32,"mmm-yy") -> Nov-24 | D32: GV3 Power PCB | E32: 481 | F32: 3 | G32: =SUM(E32:F32) -> 484 | H32: Prajkta Sutar
A33: 45618 | B33: =TEXT(A33,"mmm-yy") -> Nov-24 | D33: GV3 Power PCB | E33: 129 | F33: 2 | G33: =SUM(E33:F33) -> 131 | H33: Swarupa Vishwakarma | I33: Gv3 powar black
A34: 45618 | B34: =TEXT(A34,"mmm-yy") -> Nov-24 | D34: GV3 Power PCB | E34: 327 | F34: 9 | G34: =SUM(E34:F34) -> 336 | H34: Swarupa Vishwakarma | I34: Gv3 powar white
A35: 45618 | B35: =TEXT(A35,"mmm-yy") -> Nov-24 | D35: GV3 Digital PCB | E35: 71 | F35: 9 | G35: =SUM(E35:F35) -> 80 | H35: Swarupa Vishwakarma
A36: 45618 | B36: =TEXT(A36,"mmm-yy") -> Nov-24 | D36: GV2 Remote Main PCB | E36: 86 | F36: 6 | G36: =SUM(E36:F36) -> 92 | H36: Swarupa Vishwakarma
A37: 45619 | B37: =TEXT(A37,"mmm-yy") -> Nov-24 | D37: GV2 Remote Main PCB | E37: 35 | F37: 1 | G37: =SUM(E37:F37) -> 36 | H37: Swarupa Vishwakarma
A38: 45622 | B38: =TEXT(A38,"mmm-yy") -> Nov-24 | D38: GV2 Remote Main PCB | E38: 320 | F38: 24 | G38: =SUM(E38:F38) -> 344 | H38: Nilam dhanawade
A39: 45622 | B39: =TEXT(A39,"mmm-yy") -> Nov-24 | D39: GV3 Digital PCB | E39: 152 | F39: 143 | G39: =SUM(E39:F39) -> 295 | H39: Prajkta Sutar
A40: 45623 | B40: =TEXT(A40,"mmm-yy") -> Nov-24 | D40: GV2 Remote Main PCB | E40: 152 | F40: 5 | G40: =SUM(E40:F40) -> 157 | H40: Nilam dhanawade
A41: 45624 | B41: =TEXT(A41,"mmm-yy") -> Nov-24 | D41: GV2 Remote Main PCB | E41: 120 | F41: 6 | G41: =SUM(E41:F41) -> 126 | H41: Nilam dhanawade
A42: 45624 | B42: =TEXT(A42,"mmm-yy") -> Nov-24 | D42: GV2 Remote Main PCB | E42: 95 | F42: 5 | G42: =SUM(E42:F42) -> 100 | H42: Prajkta Sutar
A43: 45624 | B43: =TEXT(A43,"mmm-yy") -> Nov-24 | D43: GV3 Digital PCB | E43: 126 | F43: 5 | G43: =SUM(E43:F43) -> 131 | H43: Akash prasad
A44: 45625 | B44: =TEXT(A44,"mmm-yy") -> Nov-24 | D44: GV2 Remote Main PCB | E44: 383 | F44: 17 | G44: =SUM(E44:F44) -> 400 | H44: Nilam dhanawade
A45: 45625 | B45: =TEXT(A45,"mmm-yy") -> Nov-24 | C45: 72 | D45: GV3 Power PCB | E45: 492 | F45: 3 | G45: =SUM(E45:F45) -> 495 | H45: Akash prasad
A46: 45625 | B46: =TEXT(A46,"mmm-yy") -> Nov-24 | C46: 72 | D46: GV3 Digital PCB | E46: 141 | F46: 1 | G46: =SUM(E46:F46) -> 142 | H46: Akash prasad
A47: 45628 | B47: =TEXT(A47,"mmm-yy") -> Dec-24 | D47: GV3 Digital PCB | E47: 318 | F47: 37 | G47: =SUM(E47:F47) -> 355 | H47: Swarupa Vishwakarma
A48: 45628 | B48: =TEXT(A48,"mmm-yy") -> Dec-24 | D48: GV2 Remote Main PCB | E48: 160 | F48: 4 | G48: =SUM(E48:F48) -> 164 | H48: Poonam lokhande
A49: 45630 | B49: =TEXT(A49,"mmm-yy") -> Dec-24 | D49: GV2 Remote Main PCB | E49: 300 | F49: 20 | G49: =SUM(E49:F49) -> 320 | H49: Swarupa Vishwakarma
A50: 45631 | B50: =TEXT(A50,"mmm-yy") -> Dec-24 | D50: GV2 Remote Main PCB | E50: 370 | F50: 10 | G50: =SUM(E50:F50) -> 380 | H50: Nilam dhanawade
A51: 45631 | B51: =TEXT(A51,"mmm-yy") -> Dec-24 | D51: GV2 Remote Main PCB | E51: 349 | F51: 8 | G51: =SUM(E51:F51) -> 357 | H51: Poonam lokhande
A52: 45632 | B52: =TEXT(A52,"mmm-yy") -> Dec-24 | D52: GV3 Digital PCB | E52: 157 | F52: 7 | G52: =SUM(E52:F52) -> 164 | H52: Nilam dhanawade
A53: 45632 | B53: =TEXT(A53,"mmm-yy") -> Dec-24 | D53: GV3 Power PCB | E53: 360 | F53: 3 | G53: =SUM(E53:F53) -> 363 | H53: Nilam dhanawade
A54: 45632 | B54: =TEXT(A54,"mmm-yy") -> Dec-24 | D54: GV3 Power PCB | E54: 550 | F54: 12 | G54: =SUM(E54:F54) -> 562 | H54: Poonam lokhande
A55: 45632 | B55: =TEXT(A55,"mmm-yy") -> Dec-24 | D55: GV2 Remote Main PCB | E55: 20 | G55: =SUM(E55:F55) -> 20 | H55: Poonam lokhande
A56: 45633 | B56: =TEXT(A56,"mmm-yy") -> Dec-24 | D56: GV2 Remote Main PCB | E56: 142 | F56: 9 | G56: =SUM(E56:F56) -> 151 | H56: Poonam lokhande
A57: 45633 | B57: =TEXT(A57,"mmm-yy") -> Dec-24 | D57: GV4 Studio+ Remote PCB | E57: 104 | G57: =SUM(E57:F57) -> 104 | H57: Swarupa Vishwakarma
A58: 45633 | B58: =TEXT(A58,"mmm-yy") -> Dec-24 | D58: GV4 Ozeo Remote PCB | E58: 70 | F58: 2 | G58: =SUM(E58:F58) -> 72 | H58: Swarupa Vishwakarma
A59: 45633 | B59: =TEXT(A59,"mmm-yy") -> Dec-24 | D59: GV4 Alpha Regulator PCB | E59: 196 | F59: 7 | G59: =SUM(E59:F59) -> 203 | H59: Swarupa Vishwakarma
A60: 45638 | B60: =TEXT(A60,"mmm-yy") -> Dec-24 | D60: GV2 Remote Main PCB | E60: 255 | F60: 21 | G60: =SUM(E60:F60) -> 276 | H60: Prajkta Sutar
A61: 45638 | B61: =TEXT(A61,"mmm-yy") -> Dec-24 | D61: GV2 Remote Main PCB | E61: 365 | F61: 13 | G61: =SUM(E61:F61) -> 378 | H61: Amit ghabale
A62: 45639 | B62: =TEXT(A62,"mmm-yy") -> Dec-24 | D62: GV2 Remote Main PCB | E62: 363 | F62: 17 | G62: =SUM(E62:F62) -> 380 | H62: Poonam lokhande
A63: 45640 | B63: =TEXT(A63,"mmm-yy") -> Dec-24 | D63: GV2 Remote Main PCB | E63: 286 | F63: 15 | G63: =SUM(E63:F63) -> 301 | H63: Nilam dhanawade
A64: 45640 | B64: =TEXT(A64,"mmm-yy") -> Dec-24 | D64: GV2 Remote Main PCB | E64: 150 | F64: 15 | G64: =SUM(E64:F64) -> 165 | H64: Prajkta Sutar
A65: 45642 | B65: =TEXT(A65,"mmm-yy") -> Dec-24 | D65: GV3 Digital PCB | E65: 256 | F65: 6 | G65: =SUM(E65:F65) -> 262 | H65: Swarupa Vishwakarma
A66: 45642 | B66: =TEXT(A66,"mmm-yy") -> Dec-24 | C66: 74 | D66: GV3 Power PCB | E66: 74 | F66: 17 | G66: =SUM(E66:F66) -> 91 | H66: Swarupa Vishwakarma
A67: 45646 | B67: =TEXT(A67,"mmm-yy") -> Dec-24 | D67: GV2 Remote Main PCB | E67: 224 | F67: 35 | G67: =SUM(E67:F67) -> 259 | H67: Swarupa Vishwakarma
A68: 45650 | B68: =TEXT(A68,"mmm-yy") -> Dec-24 | D68: GV3 Power PCB | E68: 506 | F68: 3 | G68: =SUM(E68:F68) -> 509 | H68: Swarupa Vishwakarma
A69: 45652 | B69: =TEXT(A69,"mmm-yy") -> Dec-24 | D69: GV2 Remote Main PCB | E69: 161 | F69: 11 | G69: =SUM(E69:F69) -> 172 | H69: Nilam dhanawade
A70: 45652 | B70: =TEXT(A70,"mmm-yy") -> Dec-24 | D70: GV4 Alpha Regulator PCB | E70: 95 | F70: 7 | G70: =SUM(E70:F70) -> 102 | H70: Nilam dhanawade
A71: 45652 | B71: =TEXT(A71,"mmm-yy") -> Dec-24 | D71: GV4 Ozeo Remote PCB | E71: 52 | F71: 1 | G71: =SUM(E71:F71) -> 53 | H71: Nilam dhanawade
A72: 45652 | B72: =TEXT(A72,"mmm-yy") -> Dec-24 | D72: GV4 Studio+ Remote PCB | E72: 42 | F72: 4 | G72: =SUM(E72:F72) -> 46 | H72: Nilam dhanawade
A73: 45652 | B73: =TEXT(A73,"mmm-yy") -> Dec-24 | D73: GV3 Power PCB | E73: 540 | F73: 3 | G73: =SUM(E73:F73) -> 543 | H73: Swarupa Vishwakarma
A74: 45652 | B74: =TEXT(A74,"mmm-yy") -> Dec-24 | D74: GV3 Digital PCB | E74: 30 | G74: =SUM(E74:F74) -> 30 | H74: Swarupa Vishwakarma
A75: 45653 | B75: =TEXT(A75,"mmm-yy") -> Dec-24 | D75: GV3 Digital PCB | E75: 275 | F75: 30 | G75: =SUM(E75:F75) -> 305 | H75: Swarupa Vishwakarma
A76: 45653 | B76: =TEXT(A76,"mmm-yy") -> Dec-24 | D76: GV3 Power PCB | E76: 137 | F76: 2 | G76: =SUM(E76:F76) -> 139 | H76: Swarupa Vishwakarma
A77: 45653 | B77: =TEXT(A77,"mmm-yy") -> Dec-24 | D77: GV3 Power PCB | E77: 264 | F77: 6 | G77: =SUM(E77:F77) -> 270 | H77: Nilam dhanawade
A78: 45654 | B78: =TEXT(A78,"mmm-yy") -> Dec-24 | D78: GV4 Alpha Regulator PCB | E78: 250 | F78: 12 | G78: =SUM(E78:F78) -> 262 | H78: Nilam dhanawade
A79: 45654 | B79: =TEXT(A79,"mmm-yy") -> Dec-24 | D79: GV4 Alpha Regulator PCB | E79: 245 | F79: 10 | G79: =SUM(E79:F79) -> 255 | H79: Swarupa Vishwakarma
A80: 45657 | B80: =TEXT(A80,"mmm-yy") -> Dec-24 | D80: GV2 Remote Main PCB | E80: 183 | F80: 10 | G80: =SUM(E80:F80) -> 193 | H80: Swarupa Vishwakarma
A81: 45657 | B81: =TEXT(A81,"mmm-yy") -> Dec-24 | D81: GV2 Remote Main PCB | E81: 77 | F81: 9 | G81: =SUM(E81:F81) -> 86 | H81: Swarupa Vishwakarma
A82: 45657 | B82: =TEXT(A82,"mmm-yy") -> Dec-24 | D82: GV3 Digital PCB | E82: 15 | G82: =SUM(E82:F82) -> 15 | H82: Swarupa Vishwakarma
A83: 45659 | B83: =TEXT(A83,"mmm-yy") -> Jan-25 | C83: 75/76 | D83: GV3 Digital PCB | E83: 454 | F83: 12 | G83: =SUM(E83:F83) -> 466 | H83: Swarupa Vishwakarma
A84: 45660 | B84: =TEXT(A84,"mmm-yy") -> Jan-25 | C84: 75/76 | D84: GV3 Digital PCB | E84: 440 | F84: 11 | G84: =SUM(E84:F84) -> 451 | H84: Swarupa Vishwakarma
A85: 45661 | B85: =TEXT(A85,"mmm-yy") -> Jan-25 | D85: GV2 Remote Main PCB | E85: 160 | G85: =SUM(E85:F85) -> 160 | H85: Nilam dhanawade
A86: 45661 | B86: =TEXT(A86,"mmm-yy") -> Jan-25 | D86: GV3 Power PCB | E86: 376 | G86: =SUM(E86:F86) -> 376 | H86: Swarupa Vishwakarma
A87: 45661 | B87: =TEXT(A87,"mmm-yy") -> Jan-25 | D87: GV3 Digital PCB | E87: 83 | F87: 5 | G87: =SUM(E87:F87) -> 88 | H87: Swarupa Vishwakarma
A88: 45663 | B88: =TEXT(A88,"mmm-yy") -> Jan-25 | D88: GV2 Remote Main PCB | E88: 352 | F88: 24 | G88: =SUM(E88:F88) -> 376 | H88: Nilam dhanawade
A89: 45663 | B89: =TEXT(A89,"mmm-yy") -> Jan-25 | D89: GV2 Remote Main PCB | E89: 371 | F89: 27 | G89: =SUM(E89:F89) -> 398 | H89: Poonam lokhande
A90: 45664 | B90: =TEXT(A90,"mmm-yy") -> Jan-25 | D90: GV3 Digital PCB | E90: 246 | F90: 28 | G90: =SUM(E90:F90) -> 274 | H90: Swarupa Vishwakarma
A91: 45664 | B91: =TEXT(A91,"mmm-yy") -> Jan-25 | D91: GV3 Power PCB | E91: 182 | F91: 10 | G91: =SUM(E91:F91) -> 192 | H91: Swarupa Vishwakarma
A92: 45664 | B92: =TEXT(A92,"mmm-yy") -> Jan-25 | D92: GV2 Remote Main PCB | E92: 185 | F92: 6 | G92: =SUM(E92:F92) -> 191 | H92: Nilam dhanawade
A93: 45664 | B93: =TEXT(A93,"mmm-yy") -> Jan-25 | D93: GV3 Power PCB | E93: 230 | F93: 7 | G93: =SUM(E93:F93) -> 237 | H93: Nilam dhanawade
A94: 45665 | B94: =TEXT(A94,"mmm-yy") -> Jan-25 | D94: GV4 Studio+ Remote PCB | E94: 108 | F94: 2 | G94: =SUM(E94:F94) -> 110 | H94: Swarupa Vishwakarma
A95: 45665 | B95: =TEXT(A95,"mmm-yy") -> Jan-25 | D95: GV4 Ozeo Remote PCB | E95: 125 | F95: 1 | G95: =SUM(E95:F95) -> 126 | H95: Swarupa Vishwakarma
A96: 45667 | B96: =TEXT(A96,"mmm-yy") -> Jan-25 | D96: GV2 Remote Main PCB | E96: 119 | G96: =SUM(E96:F96) -> 119 | H96: Amit ghabale
A97: 45667 | B97: =TEXT(A97,"mmm-yy") -> Jan-25 | D97: GV2 Remote Main PCB | E97: 136 | F97: 11 | G97: =SUM(E97:F97) -> 147 | H97: Amit ghabale
A98: 45668 | B98: =TEXT(A98,"mmm-yy") -> Jan-25 | D98: GV4 Alpha Regulator PCB | E98: 247 | G98: =SUM(E98:F98) -> 247 | H98: Amit ghabale
A99: 45668 | B99: =TEXT(A99,"mmm-yy") -> Jan-25 | D99: GV4 Studio+ Remote PCB | E99: 59 | F99: 8 | G99: =SUM(E99:F99) -> 67 | H99: Amit ghabale
A100: 45670 | B100: =TEXT(A100,"mmm-yy") -> Jan-25 | D100: GV3 Digital PCB | E100: 46 | F100: 10 | G100: =SUM(E100:F100) -> 56 | H100: Amit ghabale
...

Sheet Step11_Packing
A1: Date | B1: Month | C1: In_Lot | D1: PCB Type | E1: Bubble Packed | F1: Box Packed | G1: Operator Name | H1: Remark | I1: Out_Lot | J1: Date | K1: Month
A2: 45601 | B2: =TEXT(A2,"mmm-yy") -> Nov-24 | D2: GV2 Remote Main PCB | E2: 500 | G2: Amit ghabale
A3: 45602 | B3: =TEXT(A3,"mmm-yy") -> Nov-24 | D3: GV2 Remote Main PCB | E3: 100 | G3: Poonam lokhande
A4: 45603 | B4: =TEXT(A4,"mmm-yy") -> Nov-24 | D4: GV3 Power PCB | G4: Rahul gupta | H4: 510 pcb screw and mountaim plate open
A5: 45603 | B5: =TEXT(A5,"mmm-yy") -> Nov-24 | D5: GV2 Remote Main PCB | E5: 490 | G5: Mayuri
A6: 45603 | B6: =TEXT(A6,"mmm-yy") -> Nov-24 | D6: GV3 Power PCB | G6: Mayuri | H6: 210 pcbscrew and mountain plate open
A7: 45604 | B7: =TEXT(A7,"mmm-yy") -> Nov-24 | D7: GV3 Power PCB | G7: Mayuri | H7: Gv3 power 3 screw open & segregation qty_313
A8: 45604 | B8: =TEXT(A8,"mmm-yy") -> Nov-24 | D8: GV2 Remote Main PCB | E8: 290 | G8: Mayuri
A9: 45604 | B9: =TEXT(A9,"mmm-yy") -> Nov-24 | D9: GV4 Studio+ Remote PCB | G9: Mayuri | H9: Gv4 pcb 3 screw open & segregation qty_241
A10: 45604 | B10: =TEXT(A10,"mmm-yy") -> Nov-24 | D10: GV3 Power PCB | G10: Vijay kumar | H10: Gv3 power 3 screw open & segregation qty_317
A11: 45604 | B11: =TEXT(A11,"mmm-yy") -> Nov-24 | D11: GV2 Remote Main PCB | E11: 301 | G11: Vijay kumar
A12: 45604 | B12: =TEXT(A12,"mmm-yy") -> Nov-24 | D12: GV3 Power PCB | G12: Akash prasad | H12: Gv4 pcb 3 screw open & segregation qty_241
A13: 45604 | B13: =TEXT(A13,"mmm-yy") -> Nov-24 | D13: GV3 Power PCB | G13: Rahul gupta | H13: Gv3 power 3 screw open & segregation qty_309
A14: 45604 | B14: =TEXT(A14,"mmm-yy") -> Nov-24 | D14: GV2 Remote Main PCB | G14: Rahul gupta
A15: 45604 | B15: =TEXT(A15,"mmm-yy") -> Nov-24 | D15: GV4 Studio+ Remote PCB | E15: 282 | G15: Rahul gupta
A16: 45605 | B16: =TEXT(A16,"mmm-yy") -> Nov-24 | D16: GV3 Power PCB | G16: Rahul gupta | H16: Gv3 power 3 screw open qty_142
A17: 45608 | B17: =TEXT(A17,"mmm-yy") -> Nov-24 | D17: GV3 Digital PCB | G17: Rahul gupta | H17: Gv3 digital pcb box making qty_240
A18: 45608 | B18: =TEXT(A18,"mmm-yy") -> Nov-24 | D18: GV2 Remote Main PCB | F18: 2825 | G18: All
A19: 45608 | B19: =TEXT(A19,"mmm-yy") -> Nov-24 | D19: GV4 Alpha Regulator PCB | F19: 240 | G19: All | H19: 3065 pcb box packing all employee
A20: 45609 | B20: =TEXT(A20,"mmm-yy") -> Nov-24 | D20: GV4 Alpha Regulator PCB | E20: 227 | G20: Rahul gupta
A21: 45609 | B21: =TEXT(A21,"mmm-yy") -> Nov-24 | D21: GV2 Remote Main PCB | E21: 115 | G21: Rahul gupta
A22: 45610 | B22: =TEXT(A22,"mmm-yy") -> Nov-24 | D22: GV3 Digital PCB | E22: 340 | G22: Poonam lokhande
A23: 45610 | B23: =TEXT(A23,"mmm-yy") -> Nov-24 | F23: 3300 | G23: All | H23: Amazon Box Packing PCB =3300 Amit/rahul/Aakash
A24: 45610 | B24: =TEXT(A24,"mmm-yy") -> Nov-24 | D24: GV2 Remote Main PCB | G24: Vijay kumar | H24: Gv2 Box making qty 450
A25: 45610 | B25: =TEXT(A24,"mmm-yy") -> Nov-24 | D25: GV3 Power PCB | G25: Vijay kumar | H25: Gv3 Box making _600
A26: 45610 | B26: =TEXT(A25,"mmm-yy") -> Nov-24 | D26: GV3 Digital PCB | E26: 340 | G26: Mayuri
A27: 45611 | B27: =TEXT(A26,"mmm-yy") -> Nov-24 | I27: 27 | J27: 45611 | K27: Nov
A28: 45614 | B28: =TEXT(A27,"mmm-yy") -> Nov-24 | D28: GV3 Power PCB | G28: Mayuri | H28: 193 Gv3 power 3 screw fitting
A29: 45614 | B29: =TEXT(A28,"mmm-yy") -> Nov-24 | D29: GV3 Power PCB | G29: Prajkta Sutar | H29: 193 Gv3 power 3 screw fitting
A30: 45617 | B30: =TEXT(A29,"mmm-yy") -> Nov-24 | D30: GV3 Power PCB | G30: Rahul gupta | H30: Gv3 power maunting plate & 6 screw fitting qty_800
A31: 45617 | B31: =TEXT(A30,"mmm-yy") -> Nov-24 | D31: GV3 Power PCB | G31: Amit ghabale | H31: Gv3 power maunting plate & 6 screw fitting qty_800
A32: 45617 | B32: =TEXT(A31,"mmm-yy") -> Nov-24 | D32: GV3 Power PCB | G32: Vijay kumar | H32: Gv3 power maunting plate & 6 screw fitting qty_800
A33: 45618 | B33: =TEXT(A32,"mmm-yy") -> Nov-24 | D33: GV2 Regulator | G33: Rahul gupta | H33: Gv2 pcb box making qty_417
A34: 45618 | B34: =TEXT(A33,"mmm-yy") -> Nov-24 | D34: GV3 Power PCB | G34: Vijay kumar | H34: GV3 power 3 screw Fitting qty_90
A35: 45618 | B35: =TEXT(A34,"mmm-yy") -> Nov-24 | D35: GV3 Power PCB | G35: Vijay kumar | H35: Gv3 power box making qty_750
A36: 45618 | B36: =TEXT(A35,"mmm-yy") -> Nov-24 | D36: GV3 Digital PCB | G36: Vijay kumar | H36: Gv3 digital box making qty_275
A37: 45618 | B37: =TEXT(A36,"mmm-yy") -> Nov-24 | D37: GV3 Power PCB | G37: Nilam dhanawade | H37: Gv3 Power PCB Box Packing =1860
A38: 45618 | B38: =TEXT(A37,"mmm-yy") -> Nov-24 | D38: GV3 Digital PCB | G38: Amit ghabale | H38: Gv3 Digital Babble Shit + Box Packing =252
A39: 45618 | B39: =TEXT(A38,"mmm-yy") -> Nov-24 | D39: GV2 Regulator | G39: Mayuri | H39: Gv2 STM PCB Babble Shit +Box Packing =182
A40: 45618 | B40: =TEXT(A39,"mmm-yy") -> Nov-24 | D40: GV2 Remote Main PCB | G40: Poonam lokhande | H40: Gv2 Nuvton PCB Babble Shit + Box Packing =272
A41: 45618 | B41: =TEXT(A40,"mmm-yy") -> Nov-24 | D41: GV2 Remote Main PCB | G41: Prajkta Sutar
A42: 45623 | B42: =TEXT(A41,"mmm-yy") -> Nov-24 | D42: GV2 Remote Main PCB | E42: 205 | G42: Vijay kumar
A43: 45623 | B43: =TEXT(A42,"mmm-yy") -> Nov-24 | D43: GV3 Digital PCB | E43: 175 | G43: Rahul gupta
A44: 45625 | B44: =TEXT(A43,"mmm-yy") -> Nov-24 | C44: 72 | D44: GV3 Power PCB | G44: Rahul gupta | H44: Gv3 power 6 screw fitting_495 mayuri,prajakta,vijay
A45: 45625 | B45: =TEXT(A44,"mmm-yy") -> Nov-24 | D45: GV3 Power PCB | G45: Vijay kumar | H45: yellow dot _510
A46: 45626 | B46: =TEXT(A45,"mmm-yy") -> Nov-24 | D46: GV3 Digital PCB | E46: 247 | G46: All
A47: 45626 | B47: =TEXT(A46,"mmm-yy") -> Nov-24 | D47: GV3 Power PCB | E47: 46 | G47: All
A48: 45626 | B48: =TEXT(A47,"mmm-yy") -> Nov-24 | D48: GV2 Regulator | E48: 1155 | G48: All
A49: 45626 | B49: =TEXT(A48,"mmm-yy") -> Nov-24 | C49: LOT 72 | D49: GV2 Regulator | E49: 10 | G49: All
A50: 45626 | B50: =TEXT(A49,"mmm-yy") -> Nov-24 | C50: LOT 72 | D50: GV3 Digital PCB | E50: 146 | G50: All
A51: 45626 | B51: =TEXT(A50,"mmm-yy") -> Nov-24 | C51: LOT 72 | D51: GV3 Power PCB | E51: 496 | G51: All
A52: 45628 | B52: =TEXT(A51,"mmm-yy") -> Nov-24 | I52: 28 | J52: 45628 | K52: dec
A53: 45630 | B53: =TEXT(A52,"mmm-yy") -> Dec-24 | D53: GV3 Power PCB | E53: 140 | G53: Prajkta Sutar | H53: Sprey
A54: 45630 | B54: =TEXT(A53,"mmm-yy") -> Dec-24 | D54: GV2 Remote Main PCB | E54: 295 | G54: Prajkta Sutar | H54: Sprey
A55: 45630 | B55: =TEXT(A54,"mmm-yy") -> Dec-24 | C55: LOT 73 | D55: GV2 Remote Main PCB | E55: 73 | G55: Prajkta Sutar | H55: Sprey
A56: 45631 | B56: =TEXT(A55,"mmm-yy") -> Dec-24 | C56: LOT 73 | D56: GV3 Power PCB | E56: 220 | G56: Mayuri | H56: Gv3 power 6 screw fitting
A57: 45631 | B57: =TEXT(A56,"mmm-yy") -> Dec-24 | C57: LOT 73 | D57: GV2 Remote Main PCB | E57: 534 | G57: Vijay kumar
A58: 45631 | B58: =TEXT(A57,"mmm-yy") -> Dec-24 | C58: LOT 73 | D58: GV3 Digital PCB | E58: 83 | G58: Vijay kumar
A59: 45631 | B59: =TEXT(A58,"mmm-yy") -> Dec-24 | G59: Vijay kumar | H59: Gv2/gv3/ yellow dot qty_840
A60: 45632 | B60: =TEXT(A59,"mmm-yy") -> Dec-24 | C60: LOT 73 | D60: GV3 Power PCB | G60: All | H60: Gv3 power plate, housing & 6 screw fitting qty_700
A61: 45632 | B61: =TEXT(A60,"mmm-yy") -> Dec-24 | C61: LOT 73 | D61: GV3 Power PCB | G61: All | H61: 450 box making
A62: 45632 | B62: =TEXT(A61,"mmm-yy") -> Dec-24 | C62: LOT 73 | D62: GV3 Power PCB | F62: 910 | G62: All
A63: 45633 | B63: =TEXT(A62,"mmm-yy") -> Dec-24 | D63: GV3 Digital PCB | F63: 350 | G63: Vijay kumar | H63: amit
A64: 45633 | B64: =TEXT(A63,"mmm-yy") -> Dec-24 | D64: GV2 Remote Main PCB | F64: 1043 | G64: Vijay kumar | H64: parjktaand amit
A65: 45633 | B65: =TEXT(A64,"mmm-yy") -> Dec-24 | D65: GV4 Ozeo Remote PCB | F65: 69 | G65: Vijay kumar | H65: prajkta
A66: 45633 | B66: =TEXT(A65,"mmm-yy") -> Dec-24 | D66: GV4 Studio+ Remote PCB | F66: 85 | G66: Vijay kumar | H66: prajkta
A67: 45633 | B67: =TEXT(A66,"mmm-yy") -> Dec-24 | D67: GV3 Digital PCB | E67: 266 | G67: Mayuri
A68: 45633 | B68: =TEXT(A67,"mmm-yy") -> Dec-24 | D68: GV2 Remote Main PCB | E68: 561 | G68: Mayuri
A69: 45633 | B69: =TEXT(A68,"mmm-yy") -> Dec-24 | D69: GV4 Studio+ Remote PCB | E69: 85 | G69: Mayuri
A70: 45633 | B70: =TEXT(A69,"mmm-yy") -> Dec-24 | D70: GV4 Ozeo Remote PCB | E70: 69 | G70: Mayuri
A71: 45635 | B71: =TEXT(A70,"mmm-yy") -> Dec-24 | D71: GV2 Remote Main PCB | F71: 144 | G71: Vijay kumar | I71: 29 | J71: 45635 | K71: dec
A72: 45635 | B72: =TEXT(A71,"mmm-yy") -> Dec-24 | D72: GV4 Alpha Regulator PCB | F72: 153 | G72: Vijay kumar
A73: 45635 | B73: =TEXT(A72,"mmm-yy") -> Dec-24 | D73: GV4 Studio+ Remote PCB | F73: 19 | G73: Vijay kumar
A74: 45635 | B74: =TEXT(A73,"mmm-yy") -> Dec-24 | D74: GV2 Remote Main PCB | E74: 144 | G74: Dadasaheb
A75: 45635 | B75: =TEXT(A74,"mmm-yy") -> Dec-24 | D75: GV4 Studio+ Remote PCB | E75: 18 | G75: Dadasaheb
A76: 45635 | B76: =TEXT(A75,"mmm-yy") -> Dec-24 | D76: GV4 Ozeo Remote PCB | E76: 1 | G76: Dadasaheb
A77: 45635 | B77: =TEXT(A76,"mmm-yy") -> Dec-24 | D77: GV4 Alpha Regulator PCB | E77: 154 | G77: Dadasaheb
A78: 45642 | B78: =TEXT(A77,"mmm-yy") -> Dec-24 | D78: GV2 Remote Main PCB | E78: 1190 | G78: Akash prasad | H78: mayuri and amit
A79: 45642 | B79: =TEXT(A78,"mmm-yy") -> Dec-24 | D79: GV2 Remote Main PCB | G79: Rahul gupta | H79: 900 box making
A80: 45652 | B80: =TEXT(A79,"mmm-yy") -> Dec-24 | D80: GV2 Remote Main PCB | F80: 526 | G80: Akash prasad
A81: 45652 | B81: =TEXT(A80,"mmm-yy") -> Dec-24 | D81: GV3 Digital PCB | F81: 540 | G81: Prajkta Sutar
A82: 45652 | B82: =TEXT(A81,"mmm-yy") -> Dec-24 | D82: GV3 Power PCB | G82: Mayuri | H82: Gv3 power ok pcb Balck and white sticke
A83: 45653 | B83: =TEXT(A82,"mmm-yy") -> Dec-24 | D83: GV2 Remote Main PCB | F83: 154 | G83: Dadasaheb
A84: 45653 | B84: =TEXT(A83,"mmm-yy") -> Dec-24 | D84: GV4 Alpha Regulator PCB | F84: 135 | G84: Dadasaheb
A85: 45653 | B85: =TEXT(A84,"mmm-yy") -> Dec-24 | D85: GV3 Power PCB | F85: 400 | G85: Akash prasad
A86: 45653 | B86: =TEXT(A85,"mmm-yy") -> Dec-24 | D86: GV2 Remote Main PCB | E86: 154 | G86: Akash prasad
A87: 45653 | B87: =TEXT(A87,"mmm-yy") -> Dec-24 | D87: GV4 Alpha Regulator PCB | E87: 135 | G87: Akash prasad
A88: 45660 | B88: =TEXT(A88,"mmm-yy") -> Jan-25 | D88: GV3 Power PCB | G88: Rahul gupta | H88: Gv3 power pcb 3 screw fitting qty=200 | I88: 30 | J88: 45654 | K88: dec
A89: 45660 | B89: =TEXT(A88,"mmm-yy") -> Jan-25 | D89: GV3 Power PCB | G89: Mayuri | H89: Gv 3 power 3 screw opan - 133
A90: 45660 | B90: =TEXT(A89,"mmm-yy") -> Jan-25 | D90: GV3 Power PCB | G90: Dadasaheb | H90: Gv3 power 3 screw fitting qty=130
A91: 45661 | B91: =TEXT(A90,"mmm-yy") -> Jan-25 | D91: GV4 Alpha Regulator PCB | E91: 166 | G91: Prajkta Sutar
A92: 45661 | B92: =TEXT(A91,"mmm-yy") -> Jan-25 | C92: 75/76 | G92: Prajkta Sutar | H92: Gv3 power 3 screw open and segregation qty=231
A93: 45661 | B93: =TEXT(A92,"mmm-yy") -> Jan-25 | C93: 75/76 | G93: Prajkta Sutar | H93: Gv3 power 3 screw fitting pcb qty=125
A94: 45661 | B94: =TEXT(A93,"mmm-yy") -> Jan-25 | C94: 75/76 | G94: Prajkta Sutar
A95: 45661 | B95: =TEXT(A94,"mmm-yy") -> Jan-25 | G95: Mayuri | H95: Gv3 power pcb 3 screw fitting, duble tape & black tape qty=250
A96: 45664 | B96: =TEXT(A95,"mmm-yy") -> Jan-25 | D96: GV2 Remote Main PCB | E96: 884 | G96: Mayuri | H96: Gv2. 5 , gv3 power gv4 sprey,dot=400 prajkta and mayuri
A97: 45665 | B97: =TEXT(A96,"mmm-yy") -> Jan-25 | D97: GV3 Digital PCB | F97: 224 | G97: Mayuri | H97: Gv 3 digital 12.2 marking
A98: 45665 | B98: =TEXT(A97,"mmm-yy") -> Jan-25 | D98: GV2 Remote Main PCB | F98: 184 | G98: Mayuri
A99: 45665 | B99: =TEXT(A98,"mmm-yy") -> Jan-25 | D99: GV3 Power PCB | F99: 408 | G99: Akash prasad | I99: 31 | J99: 45665 | K99: jan
A100: 45666 | B100: =TEXT(A99,"mmm-yy") -> Jan-25 | D100: GV3 Power PCB | G100: Mayuri | H100: Gv3 power 3 screw fitting qty = 361 @prajaktasutaar Elc
...

Sheet Step12_Final Entry
A1: Date | B1: Month | C1: In_Lot | D1: PCB Type | E1: Entry Count | F1: PCB Status | G1: Operator Name
A2: 45601 | B2: =TEXT(A2,"mmm-yy") -> Nov-24 | D2: GV2 Remote Main PCB | E2: 720 | F2: OK PCB | G2: Rahul gupta
A3: 45602 | B3: =TEXT(A3,"mmm-yy") -> Nov-24 | D3: GV2 Remote Main PCB | E3: 634 | F3: OK PCB | G3: Rahul gupta
A4: 45603 | B4: =TEXT(A4,"mmm-yy") -> Nov-24 | D4: GV2 Remote Main PCB | E4: 584 | F4: OK PCB | G4: Rahul gupta
A5: 45604 | B5: =TEXT(A5,"mmm-yy") -> Nov-24 | D5: GV2 Remote Main PCB | E5: 384 | F5: OK PCB | G5: Rahul gupta
A6: 45604 | B6: =TEXT(A6,"mmm-yy") -> Nov-24 | D6: GV4 Alpha Regulator PCB | E6: 240 | F6: OK PCB | G6: Rahul gupta
A7: 45605 | B7: =TEXT(A7,"mmm-yy") -> Nov-24 | D7: GV2 Remote Main PCB | E7: 523 | F7: OK PCB | G7: Rahul gupta
A8: 45605 | B8: =TEXT(A8,"mmm-yy") -> Nov-24 | D8: GV3 Digital PCB | E8: 240 | F8: OK PCB | G8: Rahul gupta
A9: 45607 | B9: =TEXT(A9,"mmm-yy") -> Nov-24 | D9: GV2 Remote Main PCB | E9: 250 | F9: OK PCB | G9: Rahul gupta
A10: 45609 | B10: =TEXT(A10,"mmm-yy") -> Nov-24 | D10: GV4 Alpha Regulator PCB | E10: 227 | F10: OK PCB | G10: Rahul gupta
A11: 45609 | B11: =TEXT(A11,"mmm-yy") -> Nov-24 | D11: GV2 Remote Main PCB | E11: 203 | F11: OK PCB | G11: Rahul gupta
A12: 45610 | B12: =TEXT(A12,"mmm-yy") -> Nov-24 | D12: GV3 Digital PCB | E12: 683 | F12: OK PCB | G12: Rahul gupta
A13: 45610 | B13: =TEXT(A13,"mmm-yy") -> Nov-24 | D13: GV4 Alpha Regulator PCB | E13: 480 | F13: OK PCB | G13: Rahul gupta
... A23: 45625 | B23: =TEXT(A23,"mmm-yy") -> Nov-24 | D23: GV2 Remote Main PCB | E23: 65 | F23: OK PCB | G23: Rahul gupta
A24: 45625 | B24: =TEXT(A24,"mmm-yy") -> Nov-24 | C24: 72 | D24: GV3 Digital PCB | E24: 141 | F24: OK PCB | G24: Rahul gupta
A25: 45626 | B25: =TEXT(A25,"mmm-yy") -> Nov-24 | D25: GV2 Remote Main PCB | E25: 580 | F25: OK PCB | G25: Rahul gupta
A26: 45628 | B26: =TEXT(A26,"mmm-yy") -> Dec-24 | C26: 73 | D26: GV3 Digital PCB | E26: 126 | F26: OK PCB | G26: Rahul gupta
A27: 45628 | B27: =TEXT(A27,"mmm-yy") -> Dec-24 | C27: 73 | D27: GV2 Remote Main PCB | E27: 160 | F27: OK PCB | G27: Rahul gupta
A28: 45629 | B28: =TEXT(A28,"mmm-yy") -> Dec-24 | D28: GV3 Digital PCB | E28: 192 | F28: OK PCB | G28: Rahul gupta
A29: 45630 | B29: =TEXT(A29,"mmm-yy") -> Dec-24 | C29: 73 | D29: GV2 Remote Main PCB | E29: 534 | F29: OK PCB | G29: Rahul gupta
A30: 45633 | B30: =TEXT(A30,"mmm-yy") -> Dec-24 | C30: 73 | D30: GV3 Digital PCB | E30: 158 | F30: OK PCB | G30: Rahul gupta
A31: 45633 | B31: =TEXT(A31,"mmm-yy") -> Dec-24 | C31: 73 | D31: GV2 Remote Main PCB | E31: 452 | F31: OK PCB | G31: Rahul gupta
A32: 45633 | B32: =TEXT(A32,"mmm-yy") -> Dec-24 | C32: 72 | D32: GV4 Studio+ Remote PCB | E32: 85 | F32: OK PCB | G32: Rahul gupta
A33: 45633 | B33: =TEXT(A33,"mmm-yy") -> Dec-24 | C33: 72 | D33: GV4 Ozeo Remote PCB | E33: 69 | F33: OK PCB | G33: Rahul gupta
A34: 45635 | B34: =TEXT(A34,"mmm-yy") -> Dec-24 | D34: GV2 Remote Main PCB | E34: 144 | F34: OK PCB | G34: Rahul gupta
A35: 45635 | B35: =TEXT(A35,"mmm-yy") -> Dec-24 | D35: GV4 Studio+ Remote PCB | E35: 18 | F35: OK PCB | G35: Rahul gupta
A36: 45635 | B36: =TEXT(A36,"mmm-yy") -> Dec-24 | D36: GV4 Alpha Regulator PCB | E36: 154 | F36: OK PCB | G36: Rahul gupta
A37: 45640 | B37: =TEXT(A37,"mmm-yy") -> Dec-24 | D37: GV2 Remote Main PCB | E37: 910 | F37: OK PCB | G37: Rahul gupta
A38: 45642 | B38: =TEXT(A38,"mmm-yy") -> Dec-24 | D38: GV2 Remote Main PCB | E38: 305 | F38: OK PCB | G38: Rahul gupta
A39: 45652 | B39: =TEXT(A39,"mmm-yy") -> Dec-24 | D39: GV2 Remote Main PCB | E39: 176 | F39: OK PCB | G39: Rahul gupta
A40: 45653 | B40: =TEXT(A40,"mmm-yy") -> Dec-24 | D40: GV4 Alpha Regulator PCB | E40: 147 | F40: OK PCB | G40: Rahul gupta
A41: 45653 | B41: =TEXT(A41,"mmm-yy") -> Dec-24 | D41: GV2 Remote Main PCB | E41: 158 | F41: OK PCB | G41: Rahul gupta
A42: 45653 | B42: =TEXT(A42,"mmm-yy") -> Dec-24 | D42: GV3 Digital PCB | E42: 275 | F42: OK PCB | G42: Rahul gupta
A43: 45654 | B43: =TEXT(A43,"mmm-yy") -> Dec-24 | D43: GV4 Alpha Regulator PCB | E43: 457 | F43: OK PCB | G43: Rahul gupta
A44: 45656 | B44: =TEXT(A44,"mmm-yy") -> Dec-24 | D44: GV3 Digital PCB | E44: 407 | F44: OK PCB | G44: Rahul gupta
A45: 45659 | B45: =TEXT(A45,"mmm-yy") -> Jan-25 | C45: 75/76 | D45: GV3 Digital PCB | E45: 445 | F45: OK PCB | G45: Rahul gupta
A46: 45659 | B46: =TEXT(A46,"mmm-yy") -> Jan-25 | C46: 74 | D46: GV2 Remote Main PCB | E46: 312 | F46: OK PCB | G46: Rahul gupta
A47: 45659 | B47: =TEXT(A47,"mmm-yy") -> Jan-25 | C47: 74 | D47: GV4 Studio+ Remote PCB | E47: 55 | F47: OK PCB | G47: Rahul gupta
A48: 45659 | B48: =TEXT(A48,"mmm-yy") -> Jan-25 | C48: 74 | D48: GV4 Ozeo Remote PCB | E48: 19 | F48: OK PCB | G48: Rahul gupta
A49: 45660 | B49: =TEXT(A49,"mmm-yy") -> Jan-25 | C49: 75/76 | D49: GV3 Digital PCB | E49: 308 | F49: OK PCB | G49: Rahul gupta
A50: 45660 | B50: =TEXT(A50,"mmm-yy") -> Jan-25 | C50: 75/76 | D50: GV4 Alpha Regulator PCB | E50: 166 | F50: OK PCB | G50: Rahul gupta
A51: 45661 | B51: =TEXT(A51,"mmm-yy") -> Jan-25 | D51: GV3 Digital PCB | E51: 210 | F51: OK PCB | G51: Rahul gupta
A52: 45665 | B52: =TEXT(A52,"mmm-yy") -> Jan-25 | D52: GV3 Digital PCB | E52: 224 | F52: OK PCB | G52: Rahul gupta
A53: 45665 | B53: =TEXT(A53,"mmm-yy") -> Jan-25 | D53: GV2 Remote Main PCB | E53: 184 | F53: OK PCB | G53: Rahul gupta
A54: 45666 | B54: =TEXT(A54,"mmm-yy") -> Jan-25 | D54: GV4 Studio+ Remote PCB | E54: 82 | F54: OK PCB | G54: Rahul gupta
A55: 45666 | B55: =TEXT(A55,"mmm-yy") -> Jan-25 | D55: GV4 Ozeo Remote PCB | E55: 107 | F55: OK PCB | G55: Rahul gupta
A56: 45668 | B56: =TEXT(A56,"mmm-yy") -> Jan-25 | D56: GV2 Remote Main PCB | E56: 185 | F56: OK PCB | G56: Rahul gupta
A57: 45668 | B57: =TEXT(A57,"mmm-yy") -> Jan-25 | D57: GV4 Ozeo Remote PCB | E57: 21 | F57: OK PCB | G57: Rahul gupta
A58: 45668 | B58: =TEXT(A58,"mmm-yy") -> Jan-25 | D58: GV4 Studio+ Remote PCB | E58: 25 | F58: OK PCB | G58: Rahul gupta
A59: 45670 | B59: =TEXT(A59,"mmm-yy") -> Jan-25 | D59: GV4 Alpha Regulator PCB | E59: 247 | F59: OK PCB | G59: Rahul gupta
A60: 45670 | B60: =TEXT(A60,"mmm-yy") -> Jan-25 | D60: GV4 Studio+ Remote PCB | E60: 59 | F60: OK PCB | G60: Rahul gupta
A61: 45672 | B61: =TEXT(A61,"mmm-yy") -> Jan-25 | D61: GV2 Remote Main PCB | E61: 205 | F61: OK PCB | G61: Rahul gupta
A62: 45673 | B62: =TEXT(A62,"mmm-yy") -> Jan-25 | D62: GV4 Alpha Regulator PCB | E62: 205 | F62: OK PCB | G62: Rahul gupta
... A97: 45710 | B97: =TEXT(A97,"mmm-yy") -> Feb-25 | D97: GV3 Digital PCB | E97: 370 | F97: OK PCB | G97: Rahul gupta

Sheet Dashboard
A1: Metric | B1: Value

Sheet Data Validation
B2: PCB Type | C2: Operator Name
B3: GV4 Ozeo Remote PCB | C3: Akash prasad
B4: GV3 Smart PCB | C4: Dadasaheb
B5: GV2 Regulator | C5: Amit ghabale
B6: GV3 Power PCB | C6: Lav sharma
B7: GV3 Digital PCB | C7: Nilam dhanawade
B8: GV2 Remote Main PCB | C8: Poonam lokhande
B9: GV4 Studio+ Remote PCB | C9: Prajkta Sutar
B10: GV4 Alpha Regulator PCB | C10: Rahul gupta
C11: Swarupa Vishwakarma
C12: Vijay kumar
C13: Mayuri
C14: All
C15: Mohini
C16: RAVINA G
